Country Name,Country Code,Series Name,Series Code,2010 [YR2010],2011 [YR2011],2012 [YR2012],2013 [YR2013],2014 [YR2014],2015 [YR2015],2016 [YR2016],2017 [YR2017],2018 [YR2018],2019 [YR2019],2020 [YR2020],2021 [YR2021],2022 [YR2022],2023 [YR2023],2024 [YR2024],2025 [YR2025]
Argentina,ARG,"Adolescent fertility rate (births per 1,000 women ages 15-19)",SP.ADO.TFRT,65.927,66.764,64.852,66.104,66.613,63.879,58.79,55.022,49.926,41.751,31.492,28.54,25.767,26.414,25.56,..
Argentina,ARG,"Annual freshwater withdrawals, total (% of internal resources)",ER.H2O.FWTL.ZS,12.6790076267123,12.9075342465753,12.9075342465753,12.9075342465753,12.9075342465753,12.9075342465753,12.9075342465753,12.9075342465753,12.9075342465753,12.9075342465753,12.9075342465753,12.9075342465753,12.9075342465753,..,..,..
Argentina,ARG,Births attended by skilled health staff (% of total),SH.STA.BRTC.ZS,95,97.1,98.2,97,99.6,99.6,98.4,93.9,99.5,99.6,98.8,..,..,..,..,..
Argentina,ARG,"Contraceptive prevalence, any method (% of married women ages 15-49)",SP.DYN.CONU.ZS,..,..,..,72.3702102000994,..,..,..,..,..,..,70.1027087175867,..,..,..,..,..
Argentina,ARG,Domestic credit provided by financial sector (% of GDP),FS.AST.DOMS.GD.ZS,25.3323186486328,26.4659610716203,30.6012215884466,33.1873915714789,34.4321395694616,40.4276279370297,37.9322482578709,38.8683983871173,..,37.8443440962429,45.7796388175673,40.7222722878412,41.4598299788055,78.9183308265335,39.7103295666401,42.0198976252505
Argentina,ARG,Electric power consumption (kWh per capita),EG.USE.ELEC.KH.PC,2777.73377864652,2880.78357735056,2917.62283612664,2940.92954480901,3036.20733612121,3140.46420669387,3104.98925144338,3005.76483124641,2971.34364838317,2876.71852724712,2827.42739776861,2942.91077511635,2833.11909750338,2821.77233232234,2822.09714825266,..
Argentina,ARG,Energy use (kg of oil equivalent per capita),EG.USE.PCAP.KG.OE,1826.05112368849,1865.25736115683,1897.60983922809,1928.54922885127,1911.61727736839,1919.75859208058,1889.87018853289,1874.82963739464,1806.77623499039,1777.41507710553,1623.92450833523,1741.51377200597,1808.76021335553,1763.50879742948,1736.70249657787,..
Argentina,ARG,Exports of goods and services (% of GDP),NE.EXP.GNFS.ZS,18.9338234053709,18.4492091453155,16.2378594620246,14.6171733884386,14.4054785893756,10.7056520504538,12.5270951690009,11.3202833596733,14.4366857499034,17.9248783778462,16.6054144372484,18.0667091690365,16.2816677253254,12.8223120961047,15.2497485928824,15.5556611218587
Argentina,ARG,"External debt stocks, total (DOD, current US$)",DT.DOD.DECT.CD,126641509908.2,142883776038.3,139876851066.6,150224280402.1,153793074987.6,177183976465.6,181637286190.7,225923967186.1,277825747406.2,280683596388,255603072878.8,246114307414,248976650822,252793904703.1,242357155703.1,..
Argentina,ARG,"Fertility rate, total (births per woman)",SP.DYN.TFRT.IN,2.411,2.393,2.304,2.335,2.386,2.35,2.241,2.168,2.067,1.882,1.601,1.585,1.482,1.5,1.504,..
Argentina,ARG,"Foreign direct investment, net inflows (BoP, current US$)",BX.KLT.DINV.CD.WD,11332718626.4344,10839930944.6815,15323933916.8241,9821661858.15874,5065335541.96486,11758994011.286,3260164341.77393,11516861462.2844,11716769818.7543,6649187837.98606,4884127675.95707,6658049679.27727,15206087397.3003,24756887226.6539,11644393816.0627,3134210021.22103
Argentina,ARG,Forest area (sq. km),AG.LND.FRST.K2,302140,299906,297672,295438,293204,290970,290100,288990,287910,286810,285730,284640,283550,282461.852,..,..
Argentina,ARG,GDP (current US$),NY.GDP.MKTP.CD,423627422092.49,530158122010.442,545982375701.128,552025140252.246,526319673731.638,594749285413.212,557532320662.955,643628393281.364,524819892360.176,447754683615.225,385740508436.965,486564085480.036,633993756301.08,649461687959.174,638365455340.04,683097891618.597
Argentina,ARG,GDP growth (annual %),NY.GDP.MKTP.KD.ZG,10.1253981561002,6.00395169280579,-1.0264204544321,2.40532378079436,-2.51261532081394,2.73115982828944,-2.08032784377811,2.81850297775918,-2.61739646282038,-2.00086100285785,-9.9004848136464,10.4418119882506,6.02074537534855,-1.85578803046339,-1.34293072157739,4.36733330217022
Argentina,ARG,"GNI per capita, Atlas method (current US$)",NY.GNP.PCAP.CD,9160,10590,11770,12760,12240,12500,12130,13070,12390,11210,9040,10070,11890,12920,13530,14650
Argentina,ARG,"GNI per capita, PPP (current international $)",NY.GNP.PCAP.PP.CD,17240,18560,18970,19500,19090,19530,19660,22790,23540,22590,21790,25770,29260,29600,29850,31920
Argentina,ARG,"GNI, Atlas method (current US$)",NY.GNP.ATLS.CD,378241273935.818,442036314414.039,496044743443.058,543284023697.86,526784533342.356,543279945585.475,532504167159.506,578798149500.896,553193024104.448,504056284870.866,408628794998.707,456257174738.439,539796983654.924,588256952404.238,618174835188.53,671607598881.955
Argentina,ARG,"GNI, PPP (current international $)",NY.GNP.MKTP.PP.CD,711794791153.925,774475577247.848,799850880557.188,830424664582.524,821243666294.275,848959683417.303,863207236895.477,1009263951777.66,1051149861699.34,1016089122555.92,984724060445.269,1167816126453.34,1328427935079.63,1347785772934.49,1363876517009.68,1463737416604.55
Argentina,ARG,Gross capital formation (% of GDP),NE.GDI.TOTL.ZS,17.7055338062046,18.39845891735,16.5019865298875,17.3057789012596,17.2628810064651,17.0707048841583,17.6632278606203,18.2125671747754,16.6138850156371,14.2100303992191,14.4151557410245,18.0762892471421,17.3855861358427,19.3822632919135,15.8378002382311,16.1135884834348
Argentina,ARG,High-technology exports (% of manufactured exports),TX.VAL.TECH.MF.ZS,7.68411002023335,7.32173060164583,6.63636695569979,7.45820744914312,7.06113490427245,9.22572828013488,8.9823994804111,9.20544177021613,5.40298410146417,5.21279058881723,6.90388925607922,4.42289139264312,4.75157524338594,5.44959440578319,3.85019697474113,..
Argentina,ARG,"Immunization, measles (% of children ages 12-23 months)",SH.IMM.MEAS,95,95,94,94,95,89,90,90,94,86,77,86,85,80,82,..
Argentina,ARG,Imports of goods and services (% of GDP),NE.IMP.GNFS.ZS,16.0371898581987,16.7569458546489,14.2886829096862,14.7167556136651,14.0013150558519,11.7805740385254,13.5667926798789,13.9693177780045,16.3258502050892,14.7057366680037,13.5982843701675,15.0119803984295,15.2985115353002,13.8546391521167,12.6800122564846,14.8089725633333
Argentina,ARG,Income share held by lowest 20%,SI.DST.FRST.20,4.5,4.8,5,5,5,..,4.9,5,4.9,4.6,4.7,5,5.4,5.1,5.1,..
Argentina,ARG,"Industry (including construction), value added (% of GDP)",NV.IND.TOTL.ZS,25.2587762576722,25.2126976058843,24.4290570649122,24.0058814423072,24.2773944936602,23.153056135905,22.0541072112108,21.782123219335,23.7195923321304,23.1578477391434,22.4088763711802,23.4994644263761,24.1118636272911,25.1722105252735,23.9965975604249,22.8739891871732
Argentina,ARG,"Inflation, GDP deflator (annual %)",NY.GDP.DEFL.KD.ZG,20.915124272047,23.7034721839593,22.3148806733049,23.9487984162746,40.2829716315506,26.5799916024707,41.1193799882279,26.0063792819079,42.0336689575031,49.1955790596612,40.0830878011993,53.8020877665554,68.9938267692314,136.742358437599,207.605241734472,39.0888939191528
Argentina,ARG,"Life expectancy at birth, total (years)",SP.DYN.LE00.IN,75.68,76.1,75.802,75.829,76.268,76.6,76.105,76.543,76.77,76.847,75.878,73.948,75.806,77.395,77.543,..
Argentina,ARG,Merchandise trade (% of GDP),TG.VAL.TOTL.GD.ZS,29.5023394337096,29.8722198953467,27.0990432264413,27.2460417167365,25.4864119079835,19.6703052646326,20.4045569707469,19.5114139324649,24.2488903055263,25.5139709712499,25.2086565639736,29.0029626540922,26.8840186998715,21.6816484498854,22.0060466657254,23.847533713507
Argentina,ARG,Military expenditure (% of GDP),MS.MIL.XPND.GD.ZS,0.814878118220695,0.764287095310235,0.784824735364742,0.83773642721392,0.878100924236765,0.850128597463815,0.809245362717563,0.84775481125944,0.732300347538541,0.699696134379197,0.734111593948744,0.631788619254705,0.684586409291956,0.75569413987974,0.618350391157195,..
Argentina,ARG,Mobile cellular subscriptions (per 100 people),IT.CEL.SETS.P2,138.251643415992,145.511067881505,152.573579717014,158.190773641398,142.325481008062,142.240711022183,145.146584717972,139.758240519621,131.224265691711,125.302657911726,121.180612527028,130.352799939601,131.483556254876,137.706086781571,140.234979049333,..
Argentina,ARG,"Mortality rate, under-5 (per 1,000 live births)",SH.DYN.MORT,14.4,13.9,13.3,12.7,12.2,11.7,11.4,11,10.7,10.5,10.3,10.1,9.9,9.7,9.5,..
Argentina,ARG,Net barter terms of trade index (2015 = 100),TT.PRI.MRCH.XD.WD,99.4,109.7,114.2,106.9,104.7,100,106.1,103,104.2,103.4,104,113.9,113.5,109.1,107,..
Argentina,ARG,Net migration,SM.POP.NETM,-5003,-1117,2978,5275,5794,5464,5215,4931,5742,5397,292,314,5589,4133,3454,2859
Argentina,ARG,Net official development assistance and official aid received (current US$),DT.ODA.ALLD.CD,123300003.051758,97054046.6308594,177763702.392578,34726791.3818359,48793842.3156738,-18869466.7816162,2619663.00010681,-1165737.03289032,73223083.4960938,9495451.92718506,103078170.776367,156561065.673828,385349548.339844,259022705.078125,..,..
Argentina,ARG,"Personal remittances, received (current US$)",BX.TRF.PWKR.CD.DT,644300740.057192,697379575.129916,577532962.100773,535004409.367288,505346891.730356,494433532.139966,391579047.663514,479937459.80843,522441503.008565,561398444.719757,648090050.021814,902789422.017933,1056459895.66862,1008986442.5663,1044365105.03816,916447215.497399
Argentina,ARG,Population density (people per sq. km of land area),EN.POP.DNST,15.0870920710786,15.2485886234831,15.4061004351973,15.5598387102668,15.7212073709481,15.8867142423877,16.0413905118958,16.1833799224611,16.3171137395905,16.4335255363231,16.5133665121004,16.5573305708721,16.5922716858687,16.6399559321662,..,..
Argentina,ARG,Population growth (annual %),SP.POP.GROW,1.05636332156278,1.06474009749784,1.0276613644946,0.992958989681133,1.0317435786984,1.04725888735726,0.968911125580978,0.881249595012674,0.822969480473088,0.710900853077743,0.484665636741261,0.265879395046274,0.210808731072658,0.286976121920089,0.345829819817895,0.339100654860035
Argentina,ARG,"Population, total",SP.POP.TOTL,41288694,41730660,42161721,42582455,43024071,43477012,43900313,44288894,44654882,44973465,45191965,45312281,45407904,45538401,45696159,45851378
Argentina,ARG,Poverty headcount ratio at $3.00 a day (2021 PPP) (% of population),SI.POV.DDAY,1.5,1.2,1.3,1.1,1.1,..,1.3,1.1,1.6,1.7,2.2,1.4,1.3,1.2,1,..
Argentina,ARG,Poverty headcount ratio at national poverty lines (% of population),SI.POV.NAHC,..,..,..,..,..,..,30.3,25.7,32,35.5,42,37.3,39.2,41.7,38.1,..
Argentina,ARG,"Prevalence of HIV, total (% of population ages 15-49)",SH.DYN.AIDS.ZS,0.4,0.4,0.4,0.4,0.4,0.4,0.4,0.4,0.4,0.4,0.4,0.4,0.4,0.4,0.4,..
Argentina,ARG,"Prevalence of underweight, weight for age (% of children under 5)",SH.STA.MALN.ZS,..,..,..,..,..,..,..,..,2,..,..,..,..,..,..,..
Argentina,ARG,"Primary completion rate, total (% of relevant age group)",SE.PRM.CMPT.ZS,103.31336478821,103.299525536147,103.663843793221,103.278045218399,105.369846292036,105.966493596972,106.53556124907,101.523895644883,100.145531751709,100.286471247217,99.8427784444202,102.877639887141,100.310147105379,98.9436486948575,..,..
Argentina,ARG,"Revenue, excluding grants (% of GDP)",GC.REV.XGRT.GD.ZS,21.2413164267537,20.196408074281,21.182234604867,21.5652829643596,22.3322943705014,22.1490803040164,21.2567013071388,19.3371239744582,17.7024488717292,17.7888990504455,17.4777322783093,18.0764989044589,17.893195301026,17.7753274051522,16.8606958335516,..
Argentina,ARG,"School enrollment, primary (% gross)",SE.PRM.ENRR,118.128196716309,117.372833251953,116.43643951416,114.421348571777,113.873519897461,112.936653137207,111.654647827148,109.879669189453,109.305458068848,109.338218688965,108.504623413086,108.139617919922,106.759826660156,102.535244031037,..,..
Argentina,ARG,"School enrollment, primary and secondary (gross), gender parity index (GPI)",SE.ENR.PRSC.FM.ZS,1.0359799861908,1.04019999504089,1.03461003303528,1.03136003017426,1.03122997283936,1.02838003635406,1.02081000804901,1.01962995529175,1.02131998538971,1.02056002616882,1.0242600440979,..,..,..,..,..
Argentina,ARG,"School enrollment, secondary (% gross)",SE.SEC.ENRR,99.0709991455078,100.884559631348,102.709991455078,104.540863037109,106.038902282715,107.504867553711,109.598327636719,110.377799987793,109.671241760254,110.460151672363,112.376731872559,115.735778808594,114.14811706543,105.574584297051,..,..
Argentina,ARG,Surface area (sq. km),AG.SRF.TOTL.K2,2780400,2780400,2780400,2780400,2780400,2780400,2780400,2780400,2780400,2780400,2780400,2780400,2780400,2780400,..,..
Argentina,ARG,Tax revenue (% of GDP),GC.TAX.TOTL.GD.ZS,12.8530426903255,12.6636277012315,12.9528415127413,12.4529027558077,12.6109666067191,12.3365069418291,12.0972836411962,10.939623860491,9.79144712037089,10.3919973375121,10.70812114449,11.3410740330927,11.0647708090182,9.92889407757488,10.4293148817726,..
Argentina,ARG,Terrestrial and marine protected areas (% of total territorial area),ER.PTD.TOTL.ZS,..,..,..,5,7.3,7.4,7.5,7.5,7.2,9.4,9.4,9.4,9.6,9.6,9.7,9.7
Argentina,ARG,"Total debt service (% of exports of goods, services and primary income)",DT.TDS.DECT.EX.ZS,18.6424552546624,15.6549279362916,14.0666784016831,17.1373193031257,20.1695819933804,24.7334756900606,34.9280137137276,51.7299119817311,51.5482584868275,50.832791702386,43.0972641723579,30.6022646249006,31.6825901735881,51.3619830543826,38.2533536654791,..
Argentina,ARG,Urban population growth (annual %),SP.URB.GROW,1.24568014237339,1.19019303632813,1.13395408758061,1.0996181152745,1.13692628317335,1.15089236473826,1.07092245651493,0.981564518342997,0.921517466894255,0.807610964891665,0.579460817835625,0.358692838886458,0.301564724860101,0.375605306735824,0.432261342079918,0.423259735980658
Argentina,ARG,"Agriculture, forestry, and fishing, value added (% of GDP)",NV.AGR.TOTL.ZS,7.13216744789716,6.99873377085717,5.78174420692637,6.05291843703277,6.7127035133689,5.15668590274786,6.2645658204639,5.23162237679509,4.53787889696835,5.31855599661392,6.35703367590492,7.29128249619051,6.5415694049027,5.8467786039042,5.80601710916249,5.53265388071299
Argentina,ARG,"Inflation, consumer prices (annual %)",FP.CPI.TOTL.ZG,..,..,..,..,..,..,..,..,34.2772237131003,53.5483043492339,42.0150947376509,48.4093786255199,72.430757531824,133.488935594175,219.883929014578,..
Argentina,ARG,"Unemployment, total (% of total labor force) (national estimate)",SL.UEM.TOTL.NE.ZS,7.714,7.18,7.217,7.1,7.268,..,..,8.347,9.22,9.843,11.461,8.736,6.805,6.139,1.725,7.377
Argentina,ARG,"Unemployment, total (% of total labor force) (modeled ILO estimate)",SL.UEM.TOTL.ZS,7.714,7.18,7.217,7.1,7.268,7.577,8.088,8.347,9.22,9.843,11.461,8.736,6.805,6.139,7.15,7.145
Argentina,ARG,Current account balance (% of GDP),BN.CAB.XOKA.GD.ZS,-0.383118699737133,-1.00728084144866,-0.39159512386959,-2.37749566620574,-1.74400211981355,-2.96292666513534,-2.70922168361454,-4.83995921807391,-5.16055257152295,-0.779998447561848,0.696935361136031,1.36154422203441,-0.62525456692328,-3.1951463789585,0.893118418089375,-1.10988825977293
Argentina,ARG,Real interest rate (%),FR.INR.RINR,-8.56602872006595,-7.77340523607891,-6.74819555440485,-5.48583918237902,-11.6006987702161,-1.31470878459506,-7.00603984304116,0.45589283233048,4.56440909873512,12.1039696489828,-7.63517421630372,-11.8618379621172,-9.81968419782898,-17.2542810000346,-47.4304580263773,4.98262122318852
Argentina,ARG,"Foreign direct investment, net inflows (% of GDP)",BX.KLT.DINV.WD.GD.ZS,2.67516171886535,2.04465997872008,2.80667189982932,1.77920553648531,0.962406650325519,1.97713461784426,0.584748941173009,1.78936504083806,2.23253157689253,1.48500687570697,1.26616924308721,1.36838083162438,2.3984601182853,3.81190879856952,1.82409522925391,0.458822968080686
Argentina,ARG,"Central government debt, total (% of GDP)",GC.DOD.TOTL.GD.ZS,..,..,..,..,..,..,..,..,..,..,..,..,..,..,..,..
Argentina,ARG,Gross savings (% of GDP),NY.GNS.ICTR.ZS,17.3318557921569,17.3332165460366,16.2099451316674,15.1944663729121,15.909027608976,14.3058273001867,14.6222549674317,13.0688485783361,11.3939154141372,13.6907954449568,15.0121353189386,19.4128951075758,16.8387414427395,16.2338769646531,16.6971165360377,13.3762100573204
Argentina,ARG,GDP (constant 2015 US$),NY.GDP.MKTP.KD,552738161802.463,585924294024.785,579910247223.428,593858966307.156,578937574935.696,594749285413.212,582376550428.09,598790850843.677,583118120294.002,571450737224.442,514874343768.066,568636554720.066,602872713790.916,591684674129.454,583738758865.705,609232576079.322
Argentina,ARG,"Agriculture, forestry, and fishing, value added (annual % growth)",NV.AGR.TOTL.KD.ZG,39.5239778173383,-2.42848319291828,-12.8751530933275,11.4766196176651,3.10425319146779,7.54196172215384,-4.71694335251273,3.44506458176149,-14.5815222472444,21.4353935711251,-7.51344913747587,1.86399191787112,-4.08336620140109,-23.356741295439,30.803552707629,5.13344328691147
Argentina,ARG,"Services, value added (% of GDP)",NV.SRV.TOTL.ZS,51.4951802052167,51.8119007511102,53.6581179163924,53.9190936666216,52.9405434663365,55.8149012843362,56.1222358547004,57.3499373815692,56.3697502721818,55.4388171093669,54.8578674557962,52.8340319497207,53.5341356683759,53.1990739500308,53.6514046050424,56.1530253074106
Argentina,ARG,"Services, value added (annual % growth)",NV.SRV.TOTL.KD.ZG,7.08982350862715,6.44482691116424,0.668753019040167,1.90976203783246,-1.64437754291544,2.66013801336062,-0.00873604146944729,2.57344588523401,-0.78707043111838,-3.05233563116396,-10.561133930038,9.58474035730899,5.97615605030815,0.826271906817638,-2.10291917767972,3.73364347862105
Argentina,ARG,Domestic credit to private sector (% of GDP),FS.AST.PRVT.GD.ZS,12.6901062454749,14.0087151168124,15.2128150156924,15.7290920133564,13.8237692455151,14.4142330417064,13.6676334273514,15.9584973420583,..,14.4776292447323,15.746489768328,13.2644289814535,12.8891009335255,15.3570823376105,15.1176778381075,17.59829273545
Australia,AUS,"Adolescent fertility rate (births per 1,000 women ages 15-19)",SP.ADO.TFRT,17.069,16.307,16.038,14.697,13.072,12.038,10.939,10.235,9.741,8.763,7.726,7.089,6.747,6.715,6.419,..
Australia,AUS,"Annual freshwater withdrawals, total (% of internal resources)",ER.H2O.FWTL.ZS,2.67784552845528,2.6859756097561,3.22520325203252,3.89186991869919,3.75264227642276,1.8739837398374,2.15914634146341,2.45094336788618,2.50609756097561,2.14634146341463,1.70325203252033,2.2479674796748,2.36178861788618,..,..,..
Australia,AUS,Births attended by skilled health staff (% of total),SH.STA.BRTC.ZS,99.1,99.1,99.2,99,99.8,98.8,98.8,99.4,98.7,98.8,96,..,..,..,..,..
Australia,AUS,"Contraceptive prevalence, any method (% of married women ages 15-49)",SP.DYN.CONU.ZS,..,..,67.75,..,..,..,66.93,..,..,..,..,..,..,..,..,..
Australia,AUS,Domestic credit provided by financial sector (% of GDP),FS.AST.DOMS.GD.ZS,..,..,..,..,..,..,..,..,..,..,..,..,..,..,..,..
Australia,AUS,Electric power consumption (kWh per capita),EG.USE.ELEC.KH.PC,10797.8712539857,10786.2910084609,10486.5668300015,10298.9307954829,10130.0980086375,10157.1653840203,10196.8479313322,10040.7488630314,10036.6706941858,10025.7250631996,9933.58557724577,9843.21372769882,9923.43167060364,9819.87119092096,9800.95598023791,..
Australia,AUS,Energy use (kg of oil equivalent per capita),EG.USE.PCAP.KG.OE,5762.9435664152,5698.65597309349,5533.72233837943,5533.38146350965,5407.4382264583,5318.66679266228,5216.98867184459,5162.45894302308,5086.37378454852,5231.57466031316,5159.03638381788,5006.44306522882,4942.16372202842,4927.64894813822,4750.59966458141,..
Australia,AUS,Exports of goods and services (% of GDP),NE.EXP.GNFS.ZS,19.7322237124156,21.3710952598475,21.4212330245448,19.8931411047873,20.9959179912807,19.9846454503255,19.2031438783351,21.1718412211076,21.8125736575066,24.0624800210722,23.9380373915413,22.0018144228925,25.4615298373659,26.701068252275,24.6215240529473,23.2444383508997
Australia,AUS,"External debt stocks, total (DOD, current US$)",DT.DOD.DECT.CD,..,..,..,..,..,..,..,..,..,..,..,..,..,..,..,..
Australia,AUS,"Fertility rate, total (births per woman)",SP.DYN.TFRT.IN,1.928,1.926,1.92,1.855,1.826,1.814,1.752,1.741,1.74,1.657,1.581,1.7,1.63,1.499,1.481,..
Australia,AUS,"Foreign direct investment, net inflows (BoP, current US$)",BX.KLT.DINV.CD.WD,35554698682.4247,65578266555.523,57571285654.7447,54472699003.596,63204516347.8725,46892808567.8515,42970225977.7087,48199372039.9014,60686639529.9229,38745129661.1195,17976843681.3117,31453060427.453,68709419796.6458,35315978153.0955,53722899427.8031,36521352076.9212
Australia,AUS,Forest area (sq. km),AG.LND.FRST.K2,1295461,1302557.8,1309654.6,1316751.4,1323848.2,1330945,1340372,1340174,1340051,1340051,1340051,1340051,1340051,1340051,..,..
Australia,AUS,GDP (current US$),NY.GDP.MKTP.CD,1152566632022.13,1402939868653.4,1552728401401.58,1583737461925.39,1474677007565.64,1356805839935.9,1211588128417.61,1330890554614.09,1433144978761.67,1398349602956.35,1333336461648.09,1560617493202.69,1695627535475.8,1734451264655.6,1757022451652.83,1798518933689.21
Australia,AUS,GDP growth (annual %),NY.GDP.MKTP.KD.ZG,2.21004795300735,2.39473494330615,3.95247138119184,2.65445302592404,2.60118978187332,2.16434780647852,2.75564065529868,2.29331030192918,2.87417039499501,2.19401703622717,-0.133531904304775,2.00694844335034,4.25304559238732,3.58382100798981,1.37340773365975,1.35039785076631
Australia,AUS,"GNI per capita, Atlas method (current US$)",NY.GNP.PCAP.CD,46900,50570,60500,66360,65500,60780,54330,51700,53280,55090,53770,57220,60790,63320,62680,64120
Australia,AUS,"GNI per capita, PPP (current international $)",NY.GNP.PCAP.PP.CD,37970,40460,41700,44980,45880,45520,46320,47240,48780,51080,52890,57560,63510,69080,69600,69930
Australia,AUS,"GNI, Atlas method (current US$)",NY.GNP.ATLS.CD,1033298127309.41,1129709352760.05,1375377899587.48,1534701062586.53,1537704513303.47,1447444938463.65,1314218336900.93,1271366799896.38,1329980723176.12,1395670890406.56,1379067543858.45,1469692011145.67,1581764554142.83,1688164228216.05,1704633803351.6,1770610639146.27
Australia,AUS,"GNI, PPP (current international $)",NY.GNP.MKTP.PP.CD,836644427166.023,903980140987.868,948029205611.269,1040264027314.89,1077085609598.42,1084090898295.5,1120633918006.06,1161716703224.86,1217594768237.01,1294210119835.29,1356693821737.99,1478371081961.76,1652552720303.64,1841795093415.32,1892782945379.05,1931133720244.5
Australia,AUS,Gross capital formation (% of GDP),NE.GDI.TOTL.ZS,26.697693257066,26.3824449207632,27.6233466177263,27.7570773936691,26.6111234581966,26.1669365772477,25.3483902403269,24.0798824498086,24.5546475824653,23.2971815966264,22.3449300806534,22.8801883097412,23.6997957124432,23.873104248989,24.323541758006,24.4610361593107
Australia,AUS,High-technology exports (% of manufactured exports),TX.VAL.TECH.MF.ZS,16.5133012608061,17.9516177655559,17.2855553325245,18.0075143774834,18.9961304703814,19.6921472541598,20.6275044745549,18.0967924595604,18.1371018191307,21.2199332352628,21.4757898705835,22.3940766008599,25.8318704116272,25.2582777120781,25.1586416457084,..
Australia,AUS,"Immunization, measles (% of children ages 12-23 months)",SH.IMM.MEAS,94,94,94,94,94,95,95,94,94,94,93,93,96,91,91,..
Australia,AUS,Imports of goods and services (% of GDP),NE.IMP.GNFS.ZS,20.658283373645,20.3508907551214,21.598616528211,21.2073707762687,21.3033915472475,21.5101052436646,21.6102583389859,20.8635723040778,21.7606517070152,21.939202684145,20.5615267123377,18.200421516167,20.2331120432093,22.3432710661529,22.5238570535723,22.6570110371129
Australia,AUS,Income share held by lowest 20%,SI.DST.FRST.20,7.3,..,..,..,7.4,..,7.4,..,7.3,..,7.2,..,..,..,..,..
Australia,AUS,"Industry (including construction), value added (% of GDP)",NV.IND.TOTL.ZS,25.108230070574,26.461435749675,26.3333149596521,25.1836151421438,25.5698594984676,23.6861098353126,22.3130168026382,23.4479311698975,24.1083351497002,25.2555129054284,25.402839408227,25.4357795203592,27.4019620848457,27.5167800860919,25.5307319894404,23.8863117272788
Australia,AUS,"Inflation, GDP deflator (annual %)",NY.GDP.DEFL.KD.ZG,1.16518778810975,6.19890348463792,1.79728622285839,-0.13127264372919,1.41703057182264,-0.627407934606055,-0.673417495929741,3.64623358006087,1.84617555303311,3.47660031414854,1.86583412216189,3.06066984761631,7.1995443407201,6.45944110641071,2.58838430384326,2.30765889016192
Australia,AUS,"Life expectancy at birth, total (years)",SP.DYN.LE00.IN,81.6951219512195,81.8951219512195,82.0463414634146,82.1487804878049,82.3,82.4,82.4487804878049,82.5,82.7487804878049,82.9,83.2,83.3,83.2,83.0512195121951,83.0512195121951,..
Australia,AUS,Merchandise trade (% of GDP),TG.VAL.TOTL.GD.ZS,35.9435184474478,36.7395646468253,33.3358364239858,31.2628205054939,32.3682404723974,29.1998300964504,32.0880496334806,34.5566356606503,34.3638645983702,35.2250251981782,34.6984435892602,38.8326417356959,42.5725570561367,37.9839441686945,36.2640215212172,36.0414887971379
Australia,AUS,Military expenditure (% of GDP),MS.MIL.XPND.GD.ZS,1.85259869583961,1.75526613878209,1.67028165223311,1.63819651223089,1.77241725032578,1.95232628501993,2.0896214779767,2.00509517581937,1.89562007676709,1.88000240626833,2.00738622102391,1.97847691589702,1.88329708969124,1.86157133456052,1.8837883329175,..
Australia,AUS,Mobile cellular subscriptions (per 100 people),IT.CEL.SETS.P2,101.618759744392,105.824012918279,106.499711805776,107.332200908321,106.206237340596,107.608142007003,109.128813718295,107.799761578952,110.033134941946,109.752830879788,104.930155780087,105.118514623956,109.469171081514,112.513177133796,112.581025002429,..
Australia,AUS,"Mortality rate, under-5 (per 1,000 live births)",SH.DYN.MORT,4.8,4.5,4.3,4.1,4,3.9,3.8,3.8,3.8,3.8,3.8,3.7,3.7,3.7,3.6,..
Australia,AUS,Net barter terms of trade index (2015 = 100),TT.PRI.MRCH.XD.WD,120.6,135.2,122.7,119.3,111.3,100,99.9,116.4,118.6,130.2,131.2,163.7,181,172.2,160.5,..
Australia,AUS,Net migration,SM.POP.NETM,166752,197657,235776,215823,200177,212350,254648,255023,226412,207142,44447,116768,140972,140232,138510,137109
Australia,AUS,Net official development assistance and official aid received (current US$),DT.ODA.ALLD.CD,..,..,..,..,..,..,..,..,..,..,..,..,..,..,..,..
Australia,AUS,"Personal remittances, received (current US$)",BX.TRF.PWKR.CD.DT,1864472761.35168,2449287569.0519,2440634974.57651,2461137536.76135,2329656676.96023,2174651380.40477,2056844753.41069,1958304889.35855,1781249993.28756,1677816231.14158,1111033571.66998,840975472.217623,1209343727.21175,1610541523.52638,1770711533.77041,2002740005.9928
Australia,AUS,Population density (people per sq. km of land area),EN.POP.DNST,2.86785858401781,2.90798641031983,2.95920036968095,3.01057352615753,3.05581479504836,3.10011259648803,3.14493553058884,3.19715601363491,3.24534491589985,3.29365056253104,3.33452695130798,3.33922844714392,3.38256023775289,3.46591948538875,..,..
Australia,AUS,Population growth (annual %),SP.POP.GROW,1.55570626204128,1.38952731561803,1.74582000067359,1.721151439989,1.49156648912847,1.43921665259925,1.56194049810399,1.64682779735017,1.49599671041328,1.47749071058438,1.23342825131378,0.14089508329287,1.28931130985537,2.43450716351535,1.98454886891555,1.53308964338105
Australia,AUS,"Population, total",SP.POP.TOTL,22031750,22340024,22733465,23128129,23475686,23815995,24190907,24592588,24963258,25334826,25649248,25685412,26018721,26659922,27194286,27614411
Australia,AUS,Poverty headcount ratio at $3.00 a day (2021 PPP) (% of population),SI.POV.DDAY,0.5,..,..,..,0.6,..,0.5,..,0.6,..,0.9,..,..,..,..,..
Australia,AUS,Poverty headcount ratio at national poverty lines (% of population),SI.POV.NAHC,..,..,..,..,..,..,..,..,..,..,..,..,..,..,..,..
Australia,AUS,"Prevalence of HIV, total (% of population ages 15-49)",SH.DYN.AIDS.ZS,0.1,0.1,0.1,0.1,0.1,0.1,0.1,0.1,0.1,0.1,0.1,0.1,0.1,0.1,0.1,..
Australia,AUS,"Prevalence of underweight, weight for age (% of children under 5)",SH.STA.MALN.ZS,..,..,..,..,..,..,..,..,..,..,..,..,..,..,..,..
Australia,AUS,"Primary completion rate, total (% of relevant age group)",SE.PRM.CMPT.ZS,..,..,..,..,..,..,..,..,..,..,..,..,..,..,..,..
Australia,AUS,"Revenue, excluding grants (% of GDP)",GC.REV.XGRT.GD.ZS,23.2230972332076,22.6375487543484,23.3563801280004,24.3509501087634,24.2574161887099,24.4091962960215,24.7656119982625,24.7425472872619,25.7471757974481,25.9715065326299,25.1891145627514,25.6293211504608,26.131348255083,..,..,..
Australia,AUS,"School enrollment, primary (% gross)",SE.PRM.ENRR,105.488502502441,105.274879455566,105.669723510742,105.802581787109,105.461601257324,101.665489196777,101.180686950684,100.637657165527,100.398712158203,100.199699401855,99.9011077880859,99.9291534423828,99.1329879760742,99.3657531738281,99.6071014404297,..
Australia,AUS,"School enrollment, primary and secondary (gross), gender parity index (GPI)",SE.ENR.PRSC.FM.ZS,..,..,..,..,..,0.925260007381439,0.925170004367828,0.937539994716644,0.968850016593933,0.964070022106171,0.979290008544922,..,..,..,..,..
Australia,AUS,"School enrollment, secondary (% gross)",SE.SEC.ENRR,..,..,..,..,..,159.110763549805,155.594390869141,153.576126098633,136.105545043945,144.056564331055,137.490737915039,135.526565551758,133.277267456055,134.099243164062,131.931564331055,..
Australia,AUS,Surface area (sq. km),AG.SRF.TOTL.K2,7741220,7741220,7741220,7741220,7741220,7741220,7741220,7741220,7741220,7741220,7741220,7741220,7741220,7741220,..,..
Australia,AUS,Tax revenue (% of GDP),GC.TAX.TOTL.GD.ZS,20.411751894265,20.2598123616431,21.028478984604,21.8526958939392,21.8026703321947,21.7852484720567,22.1881700823279,22.0221874286349,23.1220344318251,23.3142643790741,22.507523858651,23.0039076566829,23.5614929509239,..,..,..
Australia,AUS,Terrestrial and marine protected areas (% of total territorial area),ER.PTD.TOTL.ZS,..,..,..,28.1,29,28.7,28.6,29.7,29.7,29.9,30.4,32.1,32.1,32.1,33.5,33.5
Australia,AUS,"Total debt service (% of exports of goods, services and primary income)",DT.TDS.DECT.EX.ZS,..,..,..,..,..,..,..,..,..,..,..,..,..,..,..,..
Australia,AUS,Urban population growth (annual %),SP.URB.GROW,1.66251815322792,1.51359196582587,1.88268157810649,1.87018257065215,1.66246486076665,1.61863464615058,1.72153704896083,1.77484017509352,1.60918451255785,1.56366317600073,1.19834939074175,0.0996311835698593,1.40271644327005,2.60882132124518,2.11642390080543,1.66669772048017
Australia,AUS,"Agriculture, forestry, and fishing, value added (% of GDP)",NV.AGR.TOTL.ZS,2.21824837320556,2.30485962261499,2.27317856495351,2.29076813252161,2.22695769265967,2.37664391487055,2.41300232330254,2.72098319651067,2.47191752630847,2.12424911197662,2.01512715396535,2.30537875480088,2.67242699950618,2.57169831894523,2.03565265249391,2.26658274847898
Australia,AUS,"Inflation, consumer prices (annual %)",FP.CPI.TOTL.ZG,2.9183370211222,3.30384784681081,1.76278299052228,2.44988248109259,2.48792932080492,1.50836803138463,1.27699365720306,1.94864309065653,1.91140002818579,1.610770929127,0.846900734607273,2.86391284709318,6.59409658717841,5.59701792296707,3.16656665428797,2.87403791660173
Australia,AUS,"Unemployment, total (% of total labor force) (national estimate)",SL.UEM.TOTL.NE.ZS,5.211,5.081,5.224,5.662,6.077,6.054,5.714,5.604,5.345,5.143,6.394,5.022,3.728,3.668,3.942,4.197
Australia,AUS,"Unemployment, total (% of total labor force) (modeled ILO estimate)",SL.UEM.TOTL.ZS,5.214,5.083,5.225,5.663,6.078,6.055,5.711,5.592,5.345,5.143,6.394,5.022,3.728,3.668,3.942,4.09
Australia,AUS,Current account balance (% of GDP),BN.CAB.XOKA.GD.ZS,-3.99211276270473,-3.25393708127954,-4.42917293903347,-3.24439256531685,-3.07921525285017,-4.2950643949091,-3.60213104879027,-3.00525814878872,-2.58947975974169,-0.0757460083721145,1.64272242623869,2.44729769999574,0.254202501603949,-0.433071259302467,-2.3075014713626,-2.68119524894682
Australia,AUS,Real interest rate (%),FR.INR.RINR,6.04356005483095,1.44878757207191,5.08629843609618,6.31873407967245,4.46963335705945,6.24156802765539,6.13556882319326,1.54300485864138,3.35275994582846,1.56982320729507,..,..,..,..,..,..
Australia,AUS,"Foreign direct investment, net inflows (% of GDP)",BX.KLT.DINV.WD.GD.ZS,3.08482804330762,4.67434620832808,3.70774989384992,3.43950309398958,4.28599049307814,3.456117831131,3.54660341826144,3.62158795648508,4.23450805251819,2.77077560426989,1.34826011276187,2.01542405903096,4.05215286724898,2.03614704389564,3.05761029844929,2.030634840302
Australia,AUS,"Central government debt, total (% of GDP)",GC.DOD.TOTL.GD.ZS,28.5706752868622,30.0025299553744,39.3096720165071,37.4031396926122,41.5409287207942,46.293292747612,54.463570652249,53.1037976577229,54.3001380799371,59.9837867004913,69.0656538994855,69.836773674895,57.8834285733848,..,..,..
Australia,AUS,Gross savings (% of GDP),NY.GNS.ICTR.ZS,21.7091351421171,23.1621677041742,24.200411352821,23.7827985137743,23.4563274824008,22.521231196962,20.529640955705,21.5782074482669,21.4012664353392,21.9808894845608,23.2325990455773,25.1958520075371,24.9259369836481,23.7753856393832,22.9191602790214,22.1555127348176
Australia,AUS,GDP (constant 2015 US$),NY.GDP.MKTP.KD,1184610839239.74,1212979128949.21,1260921781880.75,1294392358274.42,1328061960035.21,1356805839935.9,1394194533274.64,1426167740135.16,1467158231105.1,1499347932643.95,1497345824797.34,1527396783519.68,1592357665099.43,1649424913623.6,1672078242948.22,1694657951604.12
Australia,AUS,"Agriculture, forestry, and fishing, value added (annual % growth)",NV.AGR.TOTL.KD.ZG,-0.730875068794717,3.37968199055285,0.91811999914195,-0.833244765649908,1.08245986324566,1.66673735103269,-7.16878024361756,9.45693935785381,-2.80811232449298,-10.5136436597111,-9.73330186452679,21.3590963760916,17.0419045567166,4.62218131615278,-4.01154198043494,8.89544688026982
Australia,AUS,"Services, value added (% of GDP)",NV.SRV.TOTL.ZS,65.7221133234751,64.6277803155417,65.156327929036,66.2010159886715,65.630632060795,67.1766453865526,68.1551944466641,66.9319819368015,66.5920108343803,66.0475607167608,66.2547020974296,65.7262019595193,63.3627768729711,63.6365823532904,66.1399054113301,67.4930017197471
Australia,AUS,"Services, value added (annual % growth)",NV.SRV.TOTL.KD.ZG,1.30592378179261,2.51462378344362,4.16608744254428,1.605932877999,3.22286231221052,2.54418147359819,3.84634470948626,2.08072915886102,3.20206003671079,2.87533703854363,-1.51390666526248,1.29585160227997,5.70971230036,6.1961256842928,2.03405324518265,1.72016161880573
Australia,AUS,Domestic credit to private sector (% of GDP),FS.AST.PRVT.GD.ZS,124.791339290254,121.790806241677,120.774756172135,124.183275636084,127.883848731619,135.800292705604,142.104255731186,140.108067004121,139.498062822532,135.666714386567,141.704749324425,138.339567139855,133.643883130746,126.962120898014,129.317349651589,133.792637955073
Brazil,BRA,"Adolescent fertility rate (births per 1,000 women ages 15-19)",SP.ADO.TFRT,65.474,64.773,64.285,63.947,63.365,61.779,58.372,56.558,54.287,50.958,47.46,45.67,42.881,42.686,41.459,..
Brazil,BRA,"Annual freshwater withdrawals, total (% of internal resources)",ER.H2O.FWTL.ZS,1.32080462815757,1.27743552375905,1.23406641936054,1.19069731496202,1.14859565447801,1.1280692457163,1.17134781840664,1.16021904257198,1.17470411588059,1.19130895601484,1.18494912559618,1.18901254195372,1.20014131778838,..,..,..
Brazil,BRA,Births attended by skilled health staff (% of total),SH.STA.BRTC.ZS,98.9,99,99,98,98.4,98.2,98.6,98.7,98.8,98.4,98.4,..,..,..,..,..
Brazil,BRA,"Contraceptive prevalence, any method (% of married women ages 15-49)",SP.DYN.CONU.ZS,..,..,..,80.2004995714604,..,..,..,..,..,..,..,..,..,..,..,..
Brazil,BRA,Domestic credit provided by financial sector (% of GDP),FS.AST.DOMS.GD.ZS,..,..,..,..,..,..,..,..,..,..,..,..,..,..,..,..
Brazil,BRA,Electric power consumption (kWh per capita),EG.USE.ELEC.KH.PC,2398.60801799243,2458.55879343851,2530.977463284,2600.67222764742,2690.2149503596,2628.0976910972,2592.61337303819,2610.16613569938,2640.41643831267,2661.18328561313,2624.84323723758,2723.96659104663,2787.76089640442,2916.48609397384,3068.09612345834,..
Brazil,BRA,Energy use (kg of oil equivalent per capita),EG.USE.PCAP.KG.OE,1384.36896688389,1390.00783643031,1433.15306444735,1487.45745839708,1522.42189026812,1482.02057858653,1414.8979311951,1431.95949698072,1403.40232453429,1415.83477031974,1379.24649914162,1430.3934661032,1432.72741132919,1481.22439922518,1511.62383133688,..
Brazil,BRA,Exports of goods and services (% of GDP),NE.EXP.GNFS.ZS,10.8655847752557,11.5825126785455,11.8775390704316,11.7422306460189,11.0119428190539,12.900191418386,12.4666790429968,12.5189678698768,14.6349994955075,14.1229191913178,16.4535520094071,19.1094303688709,19.6307650034371,17.9693243032741,17.9385794398559,17.8207228961707
Brazil,BRA,"External debt stocks, total (DOD, current US$)",DT.DOD.DECT.CD,352364412862.6,404046105342.1,440496598192.8,483734834011.9,556919631071.7,543397356309.8,543257228545.3,543000470110.9,557765380774.6,568708887352.2,549329010779,571193915507.8,579257850288.2,607387151485.1,605463780812.8,..
Brazil,BRA,"Fertility rate, total (births per woman)",SP.DYN.TFRT.IN,1.786,1.777,1.766,1.761,1.775,1.777,1.727,1.74,1.744,1.705,1.653,1.638,1.629,1.619,1.614,..
Brazil,BRA,"Foreign direct investment, net inflows (BoP, current US$)",BX.KLT.DINV.CD.WD,82389932468.07,102427228231.42,92568388321.34,75211029129.4,87713983217.24,64738153494.44,74294627801.19,68885491315.23,78183840044.98,69174411753.45,38270116307.45,46440503520.19,75501038733.31,62750364285.48,74090786050.19,77676162911.61
Brazil,BRA,Forest area (sq. km),AG.LND.FRST.K2,5115807,5100415.2,5085023.4,5069631.6,5054239.8,5038850,5020820,5000920,4990510,4977990,4966196,4953910,4941960,4929787.518,..,..
Brazil,BRA,GDP (current US$),NY.GDP.MKTP.CD,2208837745100.55,2616156223917.69,2465227802806.76,2472819535557.21,2456043727198.85,1802212206814.5,1795693482853.01,2063514977365.65,1916933898010.99,1873288205059.69,1476107231310.49,1670647398904.9,1951923942083.32,2191131765684.63,2185821610689.31,2279920092492.13
Brazil,BRA,GDP growth (annual %),NY.GDP.MKTP.KD.ZG,7.52822581815364,3.97442307944702,1.92117598576537,3.00482266944432,0.503955740242247,-3.54576339269425,-3.27591690782192,1.32286905404399,1.783666761634,1.22077782360842,-3.2767587964736,4.76260437908608,3.01669435393015,3.24165532906981,3.41931516501906,2.2857464902475
Brazil,BRA,"GNI per capita, Atlas method (current US$)",NY.GNP.PCAP.CD,9750,11210,12460,12950,12280,10330,9050,8830,9320,9410,8080,8060,8440,9310,9930,10550
Brazil,BRA,"GNI per capita, PPP (current international $)",NY.GNP.PCAP.PP.CD,14010,14820,14820,15500,15530,14540,14010,14290,15030,15640,15770,17510,19300,20520,21620,22670
Brazil,BRA,"GNI, Atlas method (current US$)",NY.GNP.ATLS.CD,1887913826015.15,2188955644191.21,2453809428042.69,2571101411893.45,2457007358711.86,2084247076763.26,1839991782355.98,1808496550076.77,1920050002203.86,1953066788958.56,1686362765413.99,1689214233969.27,1774306722169.84,1966123812518.7,2105073363217.68,2245438978369.15
Brazil,BRA,"GNI, PPP (current international $)",NY.GNP.MKTP.PP.CD,2712853462121.3,2894294561120.02,2917485069830.25,3077181547208.26,3107797557672.48,2932875378900.44,2846197824931.42,2924570810575.36,3098565570875.8,3244270827520.15,3289682051766.51,3669595464515.07,4058419236307.8,4332735394646.67,4584245447846.94,4824646757439.01
Brazil,BRA,Gross capital formation (% of GDP),NE.GDI.TOTL.ZS,21.8013215585586,21.8262711166856,21.4172253691912,21.6937669568432,20.5484107553739,17.4116258675005,14.9695469721031,14.6255875978858,15.0950416291605,15.5167908009424,16.1158206039466,19.5218850206383,18.0882204442366,15.7606472065087,16.9814356044398,17.0759965150742
Brazil,BRA,High-technology exports (% of manufactured exports),TX.VAL.TECH.MF.ZS,12.590146869358,11.1409081379377,11.8872212915256,11.9698618012495,12.3711688680768,14.4858996246715,16.0001642772964,14.3118892236086,14.7442418256611,14.0668052120423,11.3500942678804,9.00155420026002,9.11134627987528,9.849149349554,11.1103644206652,..
Brazil,BRA,"Immunization, measles (% of children ages 12-23 months)",SH.IMM.MEAS,99,99,99,98,97,96,95,87,92,91,79,73,81,87,93,..
Brazil,BRA,Imports of goods and services (% of GDP),NE.IMP.GNFS.ZS,11.9065933379213,12.3518924973266,13.2367345403083,14.0437266814484,13.6734629940752,14.0534345189741,12.0670030347037,11.8007665044289,14.2412038808791,14.7673386785785,15.8485265343869,18.5469003909373,19.1853009729027,15.6969055268697,17.6459444987685,17.4707593653367
Brazil,BRA,Income share held by lowest 20%,SI.DST.FRST.20,..,3.3,3.4,3.5,3.6,3.6,3.3,3.2,3.1,3.1,4.5,3.3,3.6,3.7,3.9,..
Brazil,BRA,"Industry (including construction), value added (% of GDP)",NV.IND.TOTL.ZS,23.2679773559416,23.1020509663714,22.1336473653626,21.2248099514406,20.4724627471447,19.3600439818506,18.3547582766688,18.188502309123,18.7490514528298,18.754627572495,19.5061183894885,22.1234751955181,22.819456851691,22.1441739234284,20.9406935314976,20.1499461312909
Brazil,BRA,"Inflation, GDP deflator (annual %)",NY.GDP.DEFL.KD.ZG,8.42333833760436,8.31859222192008,7.94312693485261,7.50456453379576,7.84670975161919,7.56617500668908,8.10360437618169,3.67138450274919,4.4935343282916,4.22425886342708,6.47249962315726,13.0472708601388,8.57028196165616,5.15950107377019,4.07967448515818,5.727447789834
Brazil,BRA,"Life expectancy at birth, total (years)",SP.DYN.LE00.IN,73.779,74.047,74.335,74.609,74.823,75.106,75.081,75.383,75.633,75.809,74.506,73.038,74.872,75.848,76.023,..
Brazil,BRA,Merchandise trade (% of GDP),TG.VAL.TOTL.GD.ZS,17.8201409711098,18.8204357025237,19.2824776460328,19.6062022735013,18.7979552190855,20.37728956731,18.0862715770398,18.4560327488485,22.1567368828263,22.1156039354232,25.4396152281305,30.8566008804677,32.0904409488135,27.0365301292093,28.1358733481483,28.1577412346181
Brazil,BRA,Military expenditure (% of GDP),MS.MIL.XPND.GD.ZS,1.53940698128362,1.41185115924524,1.37865646470437,1.32944608382557,1.330244423168,1.36551715396161,1.34797541299482,1.41402166797586,1.46967772350671,1.38279724638797,1.32666026860555,1.14903763026142,1.05240083845945,1.00237538990131,0.972774559040702,..
Brazil,BRA,Mobile cellular subscriptions (per 100 people),IT.CEL.SETS.P2,101.666503279892,120.008104166504,126.131962754994,136.589138644321,140.304679417776,127.83616904008,120.101181531485,108.092570205646,101.602460284017,97.3747376780285,98.6456198619193,104.824727184587,101.245468903076,101.020256020808,101.926846460424,..
Brazil,BRA,"Mortality rate, under-5 (per 1,000 live births)",SH.DYN.MORT,18.6,17.9,17.2,16.7,16.3,16,16.8,15.4,15.2,15,14.9,14.7,14.6,14.4,14.2,..
Brazil,BRA,Net barter terms of trade index (2015 = 100),TT.PRI.MRCH.XD.WD,118.5,127.3,120.4,117.1,113.2,100,102.4,108.2,106.9,107,107.7,123.2,114.5,117.2,120.8,..
Brazil,BRA,Net migration,SM.POP.NETM,-261539,-235860,-179707,-157228,-145732,-173611,-92989,-156296,-230334,-129216,-78437,-208581,-253639,-240059,-225510,-217283
Brazil,BRA,Net official development assistance and official aid received (current US$),DT.ODA.ALLD.CD,437130004.882813,840694885.253906,1288543701.17188,1155725097.65625,914151489.257813,1003186096.19141,674627136.230469,273873596.191406,444970092.773438,273563262.939453,613681701.660156,1115631103.51563,578414184.570313,699971862.792969,..,..
Brazil,BRA,"Personal remittances, received (current US$)",BX.TRF.PWKR.CD.DT,3082801866.11,3214602242.94,2784072055.49,2717675068.66,2647908513.04,2896909951.71,2739786526.59,2698770651.24,2933489276.49,3213621676.71,3566219438.48,4102018147.7,4973758734.57,4433700953.4,4902400448.25,4758109116.62
Brazil,BRA,Population density (people per sq. km of land area),EN.POP.DNST,23.175243415401,23.3646162902273,23.555014752086,23.7467066835444,23.93895376244,24.1292359304821,24.3137963709629,24.4915070817191,24.659465024515,24.8207686159839,24.9649852718428,25.0714027283582,25.161867951482,25.2616884857157,..,..
Brazil,BRA,Population growth (annual %),SP.POP.GROW,0.84088322514573,0.81381388423754,0.811598483382088,0.810511647523289,0.806314177734439,0.791721773592796,0.761972670496742,0.72824666001736,0.683439571425594,0.651994346081362,0.579350709708032,0.425360907216456,0.360180890872169,0.395928695574996,0.405467027627251,0.383150642409967
Brazil,BRA,"Population, total",SP.POP.TOTL,193701929,195284734,196876111,198478299,200085127,201675532,203218114,204703445,206107261,207455459,208660842,209550294,210306415,211140729,211998573,212812405
Brazil,BRA,Poverty headcount ratio at $3.00 a day (2021 PPP) (% of population),SI.POV.DDAY,..,7.1,6.4,5.4,4.8,5.4,6.5,7,6.9,7,2.8,7.5,4.9,3.8,3,..
Brazil,BRA,Poverty headcount ratio at national poverty lines (% of population),SI.POV.NAHC,..,..,..,..,..,..,..,..,..,..,..,..,..,..,..,..
Brazil,BRA,"Prevalence of HIV, total (% of population ages 15-49)",SH.DYN.AIDS.ZS,0.4,0.4,0.4,0.5,0.5,0.5,0.6,0.6,0.6,0.6,0.7,0.7,0.7,0.7,0.7,..
Brazil,BRA,"Prevalence of underweight, weight for age (% of children under 5)",SH.STA.MALN.ZS,..,..,..,..,..,..,..,..,..,3.5,..,..,..,..,..,..
Brazil,BRA,"Primary completion rate, total (% of relevant age group)",SE.PRM.CMPT.ZS,..,..,..,..,..,..,..,..,..,..,..,..,..,..,..,..
Brazil,BRA,"Revenue, excluding grants (% of GDP)",GC.REV.XGRT.GD.ZS,25.9013840892228,25.9974425384475,26.3713866400929,25.4407118580192,24.0410606265761,25.8123252141563,26.1732253880186,24.3609920784363,25.2724385285785,25.5600401304457,22.194867345509,24.6358299212382,26.9365134619689,25.3707484836868,26.4469343560674,..
Brazil,BRA,"School enrollment, primary (% gross)",SE.PRM.ENRR,..,..,104.05445098877,109.282432556152,109.808906555176,108.740180969238,108.583656311035,109.788749694824,108.720008850098,107.682991027832,105.912231445312,103.929397583008,104.667419433594,..,104.296913146973,..
Brazil,BRA,"School enrollment, primary and secondary (gross), gender parity index (GPI)",SE.ENR.PRSC.FM.ZS,..,1.02467000484467,1.02224004268646,1.01664996147156,1.01811003684998,1.01473999023438,1.00854003429413,1.00513005256653,1.00668001174927,1.00990998744965,1.00648999214172,..,..,..,..,..
Brazil,BRA,"School enrollment, secondary (% gross)",SE.SEC.ENRR,..,..,94.5829467773438,104.086219787598,102.780311584473,101.086227416992,102.692901611328,102.989486694336,104.818481445312,103.667556762695,103.882659912109,106.298461914062,105.702369689941,..,104.144660949707,..
Brazil,BRA,Surface area (sq. km),AG.SRF.TOTL.K2,8515770,8515770,8515770,8515770,8515770,8515770,8515770,8515770,8515770,8515770,8515770,8515770,8510420,8510420,..,..
Brazil,BRA,Tax revenue (% of GDP),GC.TAX.TOTL.GD.ZS,14.249575957302,14.85129878353,14.3324110913977,14.1253057440862,13.4900745188201,13.6296293660896,13.7104309800754,13.6052285149994,13.9401079937096,13.7376948371937,12.7193878561953,14.1366751329603,14.7258479184963,14.041862416944,15.4102340832552,..
Brazil,BRA,Terrestrial and marine protected areas (% of total territorial area),ER.PTD.TOTL.ZS,..,..,..,18.9,20.4,20.4,20.7,20.7,28.6,29.2,29.2,29.3,29.3,29.5,29.4,29.4
Brazil,BRA,"Total debt service (% of exports of goods, services and primary income)",DT.TDS.DECT.EX.ZS,18.4296682676097,18.7690515486759,15.7314132277102,28.0671181416749,22.9484422129242,39.7792835988014,51.0549755813973,34.7679526864763,33.3094436850684,53.4702774123798,50.3521091588437,46.7278546984627,29.9040449782556,53.5434238618458,26.7439339145718,..
Brazil,BRA,Urban population growth (annual %),SP.URB.GROW,1.16628221038283,1.14373726656016,1.13582229672967,1.12835615908882,1.11754171317172,1.09609675577337,1.05925972214881,1.01821425229253,0.965855875269478,0.926629993198714,0.845977299612384,0.683749836538948,0.604875020599164,0.700463125537351,0.724401697459186,0.702841649549349
Brazil,BRA,"Agriculture, forestry, and fishing, value added (% of GDP)",NV.AGR.TOTL.ZS,4.11575648779356,4.34203412783304,4.16832822439069,4.50688618256533,4.32561053879483,4.31914942964047,4.89135358790863,4.60059169568986,4.4203993038464,4.20501409463474,5.71148511499007,6.5587626121061,5.76747490819457,6.02306023526246,5.75227640931944,6.08621695565171
Brazil,BRA,"Inflation, consumer prices (annual %)",FP.CPI.TOTL.ZG,5.03872690108075,6.6364496221309,5.40349914036997,6.20431066640101,6.32904015516139,9.02990102416136,8.73914352329393,3.44637335032669,3.66485028376729,3.73297621216894,3.21176803803376,8.30165975585673,9.28010608956873,4.59356282283204,4.36746407652337,5.01675279604836
Brazil,BRA,"Unemployment, total (% of total labor force) (national estimate)",SL.UEM.TOTL.NE.ZS,..,7.578,7.251,7.071,6.755,8.538,11.58,12.792,12.329,11.936,13.697,13.158,9.231,7.947,6.801,5.832
Brazil,BRA,"Unemployment, total (% of total labor force) (modeled ILO estimate)",SL.UEM.TOTL.ZS,8.42,7.578,7.251,7.071,6.755,8.538,11.58,12.792,12.329,11.936,13.697,13.158,9.231,7.947,6.801,5.97
Brazil,BRA,Current account balance (% of GDP),BN.CAB.XOKA.GD.ZS,-3.92594604454763,-3.19461831905473,-3.75941611687375,-3.57422079622864,-4.4988303801852,-3.51839166799859,-1.700113396765,-1.22429925769002,-2.80752008594698,-3.41429103072781,-1.64103541830151,-2.35822097223117,-2.14967698505073,-1.23139445763703,-2.9880142706208,-2.92630139201733
Brazil,BRA,Real interest rate (%),FR.INR.RINR,29.1158055203632,32.8334595030087,26.5820905384107,18.4988444156891,22.4036724322518,33.8323439727974,40.6983614262467,41.7138078856955,33.1023342519639,31.9030727578921,21.1971796692944,15.0108849841429,28.3960928177676,36.5544706219779,34.7285151434598,37.4603628210418
Brazil,BRA,"Foreign direct investment, net inflows (% of GDP)",BX.KLT.DINV.WD.GD.ZS,3.73001288350945,3.91518011405433,3.75496285641218,3.04150901624338,3.57135266957477,3.59214931791344,4.13737803865892,3.33825981739039,4.07858821454947,3.692673213156,2.59263795310275,2.77979084938159,3.8680317970139,2.86383344298207,3.38960808548439,3.40696865505948
Brazil,BRA,"Central government debt, total (% of GDP)",GC.DOD.TOTL.GD.ZS,61.3187804643039,59.3416583028164,59.8494900007969,57.2284093845516,58.4572711058609,67.5375540310909,73.4188038014782,83.669202649666,86.6078841211512,92.5652531945418,98.7098819468714,85.0115036768016,79.1023218878495,83.0317498523878,81.8554431191023,..
Brazil,BRA,Gross savings (% of GDP),NY.GNS.ICTR.ZS,17.8023993523835,18.6012664292854,17.6781085215019,18.1516908265514,16.1344049935616,14.5293471758892,13.4217530165129,13.5777696912267,12.707419952098,12.306400609957,14.8400818260311,17.2170244671916,15.8875091585199,15.0395043181229,14.141150821899,14.4155934935691
Brazil,BRA,GDP (constant 2015 US$),NY.GDP.MKTP.KD,1703150236756.78,1770840632844.1,1804861597828.48,1859094488272.12,1868463501662.3,1802212206814.5,1743173232416.64,1766233131666.66,1797736844969.16,1819683217699.38,1760056587795.46,1843881119920.2,1899505377558.02,1961080794855.6,2028136327872.37,2074494382804.15
Brazil,BRA,"Agriculture, forestry, and fishing, value added (annual % growth)",NV.AGR.TOTL.KD.ZG,6.69694248560597,5.63864636220394,-3.08224220365922,8.36144396056827,2.7907944733148,3.31433139702611,-5.22421773748668,14.1523862622383,1.30705577691208,0.415036913107755,4.17457858752937,0.00345126274669383,-1.12558618619634,16.2992580795622,-3.74188034604317,11.7034148274609
Brazil,BRA,"Services, value added (% of GDP)",NV.SRV.TOTL.ZS,57.6129219708142,57.5681693201729,58.733602508431,59.6787579933734,61.2509740086137,62.3078671738493,63.2036958324333,63.33867286247,62.6533503532075,63.067849250681,61.4484446407781,56.9133841887799,58.0872310744068,59.1789358567535,59.1707527173878,59.7388368058983
Brazil,BRA,"Services, value added (annual % growth)",NV.SRV.TOTL.KD.ZG,5.80365285303557,3.45782244571559,2.90290993474993,2.75382777601763,0.98540343524283,-2.73376152887394,-2.22134364601047,0.765663235334955,2.08714373034704,1.51210175920741,-3.73810718464377,4.80295142544036,4.25668729113508,2.77740964501156,3.77973907577906,1.81673680377486
Brazil,BRA,Domestic credit to private sector (% of GDP),FS.AST.PRVT.GD.ZS,52.764657630443,58.0784911062018,62.5192932018235,64.2305738283777,66.028510394056,66.8297006475728,62.1940069633522,59.4843092973742,60.2183479381776,62.790505078946,68.6961548470609,68.8052246830253,70.6060973782971,71.0755405509113,75.6308730941359,75.1029927271417
China,CHN,"Adolescent fertility rate (births per 1,000 women ages 15-19)",SP.ADO.TFRT,12.158,11.801,12.534,11.976,12.049,10.887,10.747,10.236,8.691,8.277,6.737,5.996,5.463,5.227,5.202,..
China,CHN,"Annual freshwater withdrawals, total (% of internal resources)",ER.H2O.FWTL.ZS,20.8620996124996,21.1525471932881,21.2876390913292,21.4298410892673,21.0956663941128,21.0387855949376,21.4732126986384,21.1959188026592,21.0782466493654,21.0341640300046,20.2097479469587,20.2097479469587,20.2097479469587,..,..,..
China,CHN,Births attended by skilled health staff (% of total),SH.STA.BRTC.ZS,99.6,99.7,99.8,99.9,99.9,99.9,99.9,..,..,..,..,..,..,..,..,..
China,CHN,"Contraceptive prevalence, any method (% of married women ages 15-49)",SP.DYN.CONU.ZS,..,..,..,..,..,..,..,84.5,..,..,..,..,..,..,..,..
China,CHN,Domestic credit provided by financial sector (% of GDP),FS.AST.DOMS.GD.ZS,..,..,..,..,..,..,..,..,..,..,..,..,..,..,..,..
China,CHN,Electric power consumption (kWh per capita),EG.USE.ELEC.KH.PC,2943.58995443689,3295.78486805176,3466.02027780444,3757.18508846571,4006.16826789906,4017.07781948893,4237.54530584599,4571.04242541442,4842.2067923237,5082.38779040238,5261.94103890582,5847.80226004701,6112.13553560996,6523.71926193193,..,..
China,CHN,Energy use (kg of oil equivalent per capita),EG.USE.PCAP.KG.OE,1899.79996108685,2027.46525356855,2085.21872095825,2137.32572690907,2177.55011435267,2175.1544486832,2149.2047500244,2215.91139022057,2310.87757050979,2397.96868908473,2465.96954605987,2623.79959356116,2676.48200976111,2850.94152906511,..,..
China,CHN,Exports of goods and services (% of GDP),NE.EXP.GNFS.ZS,26.7227451502469,26.1518828948759,25.07670432956,24.1633430905854,23.0719766947263,20.9390642234326,19.2036507365412,19.3356301657728,18.770519802938,18.1398222864053,18.2696013805051,19.4350556514909,20.227756033041,19.4023091648376,20.4428283665891,21.0711983566772
China,CHN,"External debt stocks, total (DOD, current US$)",DT.DOD.DECT.CD,742737476056.6,1054209569422.7,1148164368937.8,1480476659937.3,1778380562695.9,1333768986063.5,1413904270462.7,1710819944231.6,1961562462976.8,2114161989828.3,2326232537961.7,2724353650084.8,2530502272052.6,2447537483872.8,2419835436491.8,..
China,CHN,"Fertility rate, total (births per woman)",SP.DYN.TFRT.IN,1.687,1.668,1.798,1.714,1.769,1.67,1.772,1.795,1.539,1.496,1.236,1.117,1.034,0.999,1.013,..
China,CHN,"Foreign direct investment, net inflows (BoP, current US$)",BX.KLT.DINV.CD.WD,243703434558.177,280072219149.934,241213868161.42,290928431467.003,268097181064.335,242489331627.398,174749584584.05,166083755721.648,235365050036.341,187169822364.755,253095616058.58,344074977062.48,190203789092.51,51338076801.59,42646542014.57,79979865650.02
China,CHN,Forest area (sq. km),AG.LND.FRST.K2,2006103.8,2025471.54,2044839.28,2064207.02,2083574.76,2102942.5,2124600,2143390,2162190,2180990,2199780,2218580,2237370,2256168.9,..,..
China,CHN,GDP (current US$),NY.GDP.MKTP.CD,6192564874453.29,7671757207851.29,8673664713189.24,9743124247267.24,10674533168257.4,11280814787468.9,11456024084962,12537559062282.9,14147765772963.8,14560167101283.4,14996414166715.1,18201698719564,18316765021690.2,18270356654533.2,18729668435848,19498039388042.6
China,CHN,GDP growth (annual %),NY.GDP.MKTP.KD.ZG,10.5916903885704,9.46205248298186,7.8578201481217,7.77842954757257,7.46100735778161,6.98162255562367,6.7736886867727,6.89123916636191,6.757806142324,6.06737806333672,2.33950385203023,8.57038414981781,3.13385438394069,5.41600334492955,4.95830378788091,4.95994886240992
China,CHN,"GNI per capita, Atlas method (current US$)",NY.GNP.PCAP.CD,4410,5130,6010,6860,7600,8040,8360,8830,9720,10510,10740,12220,13170,13750,13660,14230
China,CHN,"GNI per capita, PPP (current international $)",NY.GNP.PCAP.PP.CD,9370,10360,11390,12130,12960,13400,14090,15000,16230,17550,18120,20700,22840,25020,26950,29160
China,CHN,"GNI, Atlas method (current US$)",NY.GNP.ATLS.CD,5898310898170.89,6894379413214.26,8136833061752.09,9350413661049.19,10431948148569.3,11087413350369.7,11604103153364.1,12332517176823.3,13636967512141.3,14797151941058.9,15152995621873,17253940436979.7,18595257571005,19392485484542,19245982523005,20015542881097.4
China,CHN,"GNI, PPP (current international $)",NY.GNP.MKTP.PP.CD,12536239204128.7,13935727062246.9,15429858615026.6,16537047500727.9,17776179956535.4,18490592046582.9,19551764868088.8,20947567340458.7,22763849926082.5,24709480590705.4,25575086905083.5,29237453096281.7,32248173878597,35289110346039.3,37975983346755.9,41019094981425.1
China,CHN,Gross capital formation (% of GDP),NE.GDI.TOTL.ZS,46.1023443345586,46.2703012824496,45.8169211701107,45.9224093546636,45.3115352657107,42.7349872564364,42.1386166189127,42.5497375507577,43.313827489682,42.6695374085222,42.5723735094229,42.6822612949312,42.3554333470499,41.1297102455381,40.4815134449629,..
China,CHN,High-technology exports (% of manufactured exports),TX.VAL.TECH.MF.ZS,32.1501169663397,30.5004796644425,30.8618085179503,31.5855813292794,29.7037271802947,30.4312672747562,30.2545232296357,30.9118639785891,31.5481478595353,30.8186302968419,31.2766154241293,30.2190732796596,27.7650612563156,26.5682136542881,26.2777380479223,..
China,CHN,"Immunization, measles (% of children ages 12-23 months)",SH.IMM.MEAS,99,99,99,99,99,99,99,99,99,99,99,99,99,95,95,..
China,CHN,Imports of goods and services (% of GDP),NE.IMP.GNFS.ZS,23.1313270836509,23.7939443304884,22.4035087488717,21.7526982889717,20.9964797865269,17.7581206128298,16.9735199564368,17.6152224500872,18.1238645885338,17.3146127417354,16.0681770933789,17.2078233128845,17.28479964513,17.3368405290018,17.5132317706653,16.8851895085539
China,CHN,Income share held by lowest 20%,SI.DST.FRST.20,5.1,5.4,5.3,6.2,6.2,6.4,6.5,6.4,6.5,6.7,7.2,7.4,7.3,..,..,..
China,CHN,"Industry (including construction), value added (% of GDP)",NV.IND.TOTL.ZS,45.7066207106778,45.8002054108107,44.6820698165478,43.3938707801605,42.2827157791092,40.0475902161032,38.811156093921,39.129944350895,38.9777001747097,37.7642333162735,36.9115624066306,38.0924722040717,37.8945266620066,36.7725030223561,36.3710179811644,35.6416587106792
China,CHN,"Inflation, GDP deflator (annual %)",NY.GDP.DEFL.KD.ZG,6.93288714030183,8.01535579905837,2.40362145525938,2.29827354347107,1.09193126066951,0.134600527983679,1.47921554986996,4.1460488720143,3.46684316501813,1.31658042560161,0.530673291065554,4.47357358503608,1.93460467589577,-0.50679941802575,-0.764066117400986,-0.92233523175824
China,CHN,"Life expectancy at birth, total (years)",SP.DYN.LE00.IN,75.668,75.889,76.2,76.452,76.714,76.975,77.214,77.235,77.709,77.94,78.019,78.117,78.202,77.953,78.017,..
China,CHN,Merchandise trade (% of GDP),TG.VAL.TOTL.GD.ZS,48.0253507277558,47.4710669450398,44.5846032544886,42.6864616980176,40.2970877714012,35.0420964662159,32.1713447236719,32.7586731962493,32.6726005659031,31.4408685570406,31.0468619247254,32.9388706646147,34.1268831728628,32.4897051121724,32.8837268053921,32.5916769041769
China,CHN,Military expenditure (% of GDP),MS.MIL.XPND.GD.ZS,1.73351986212832,1.65908251595704,1.70094267160117,1.7143409229625,1.73840928794394,1.77677106896806,1.7688865902507,1.71124264388853,1.67357820944542,1.68291101151296,1.75669947098837,1.60525971842503,1.63053389156959,1.66484889659813,1.71129740345228,..
China,CHN,Mobile cellular subscriptions (per 100 people),IT.CEL.SETS.P2,63.5563376954813,72.5052393725573,81.2075981633238,89.130227261039,92.6612034094217,92.5401171363348,97.2138770934621,104.073181609424,116.229125477063,122.670391850252,120.496715387079,121.491918368395,124.195248970763,128.247014127486,131.753932036803,..
China,CHN,"Mortality rate, under-5 (per 1,000 live births)",SH.DYN.MORT,15.7,14.6,13.5,12.5,11.6,10.7,10,9.3,8.6,8,7.5,7,6.6,6.1,5.7,..
China,CHN,Net barter terms of trade index (2015 = 100),TT.PRI.MRCH.XD.WD,87,83.8,86.1,87.2,89.6,100,99.8,94.3,91.5,92.7,98.5,89.2,89.5,90.2,84.7,..
China,CHN,Net migration,SM.POP.NETM,-184144,-416189,-58864,-188951,-371108,-646941,-153056,-94625,-198206,-656091,-91577,-379749,-293846,-567724,-318992,-268126
China,CHN,Net official development assistance and official aid received (current US$),DT.ODA.ALLD.CD,957669982.910156,-603609619.140625,-180530044.555664,-656546569.824219,-947074340.820313,-306290496.826172,-791432739.257813,-989944335.9375,-705271057.128906,-607008422.851563,-570617065.429688,-561917724.609375,-280478118.896484,-267158996.582031,..,..
China,CHN,"Personal remittances, received (current US$)",BX.TRF.PWKR.CD.DT,13636040942,16568371453,17065623287,17790105219,29910500593.04,33104675861.87,26883278893.8,28675983092.3,24305605210.61,14257782654.52,14714298893.63,17118443356.6,20424526329.53,22592912425.35,24980610479.96,30002559370.67
China,CHN,Population density (people per sq. km of land area),EN.POP.DNST,142.487743405,143.268509836432,144.243669001474,145.207643927049,146.125816729087,146.977949259981,147.822641376791,148.720043543977,149.417194545073,149.948179684945,150.305542803154,150.439753691066,150.42004812419,150.264001337848,..,..
China,CHN,Population growth (annual %),SP.POP.GROW,0.482959688678361,0.546457594880274,0.678345458846803,0.666072977690069,0.630326389541893,0.581456146657648,0.573050906069647,0.605245013482969,0.467672053461959,0.354740890170827,0.238040870229883,0.0892522000412526,-0.0130995013525784,-0.103794531589067,-0.123063407363995,-0.169770885652674
China,CHN,"Population, total",SP.POP.TOTL,1337705000,1345035000,1354190000,1363240000,1371860000,1379860000,1387790000,1396215000,1402760000,1407745000,1411100000,1412360000,1412175000,1410710000,1408975000,1406585000
China,CHN,Poverty headcount ratio at $3.00 a day (2021 PPP) (% of population),SI.POV.DDAY,20.6,15.3,12.9,6,4.6,2.9,2.1,1.6,0.7,0,0,0,0,..,..,..
China,CHN,Poverty headcount ratio at national poverty lines (% of population),SI.POV.NAHC,17.2,12.7,10.2,8.5,7.2,5.7,4.5,3.1,1.7,0.6,0,..,..,..,..,..
China,CHN,"Prevalence of HIV, total (% of population ages 15-49)",SH.DYN.AIDS.ZS,..,..,..,..,..,..,..,..,..,..,..,..,..,..,..,..
China,CHN,"Prevalence of underweight, weight for age (% of children under 5)",SH.STA.MALN.ZS,3.4,..,..,2.4,..,..,..,..,..,..,..,..,..,..,..,..
China,CHN,"Primary completion rate, total (% of relevant age group)",SE.PRM.CMPT.ZS,103.455256923166,..,..,..,..,..,..,..,..,..,..,..,..,..,..,..
China,CHN,"Revenue, excluding grants (% of GDP)",GC.REV.XGRT.GD.ZS,11.0399710818906,11.0626224007863,10.9572673113543,10.762086414812,15.5234236261726,15.7312275700006,15.326073498047,15.595511924101,16.2403554427458,15.7907279889576,13.7961540297522,14.6241117527941,14.6559605630141,15.0661250338704,14.9328173497711,..
China,CHN,"School enrollment, primary (% gross)",SE.PRM.ENRR,104.181700271,103.329573551865,103.181119624843,101.231978727477,96.8963827081444,96.340011477005,96.8787921899343,97.5379880463436,97.8103054615567,97.8174906065295,98.7860625918346,99.2294555866603,100.09807464465,99.1718634239571,99.644962886981,..
China,CHN,"School enrollment, primary and secondary (gross), gender parity index (GPI)",SE.ENR.PRSC.FM.ZS,0.98895001411438,0.992420017719269,0.997179985046387,1.00609004497528,1.00947999954224,1.01157999038696,1.01013994216919,1.01321995258331,1.01431000232697,1.01529002189636,1.01286995410919,1.01161003112793,..,..,..,..
China,CHN,"School enrollment, secondary (% gross)",SE.SEC.ENRR,90.7829173331445,92.0329425203903,92.2603063015232,..,..,..,..,..,..,..,..,..,..,..,..,..
China,CHN,Surface area (sq. km),AG.SRF.TOTL.K2,9562911,9562911,9562911,9562911,9562911,9562911,9562910,9562910,9562910,9562910,9562910,9562910,9562910,9562910,..,..
China,CHN,Tax revenue (% of GDP),GC.TAX.TOTL.GD.ZS,10.0382796577366,10.1512000219484,10.0894667610088,9.7321625039509,9.49826837509792,9.19468038601503,8.94556190414739,9.24872439343925,8.89089034445248,8.32942550168391,7.92409749807608,7.79829641266187,7.51799464421188,7.6382330077989,7.01806095279297,..
China,CHN,Terrestrial and marine protected areas (% of total territorial area),ER.PTD.TOTL.ZS,..,..,..,15.8,15.9,15.9,15.9,16,14.7,14.7,14.7,14.7,14.7,14.7,14.7,14.7
China,CHN,"Total debt service (% of exports of goods, services and primary income)",DT.TDS.DECT.EX.ZS,2.89643097782304,2.91665272408534,3.08464755083677,3.03970189644669,3.01971745253991,4.90274889592115,6.91875543607767,7.58735986967657,8.25271896595969,9.49516872239568,9.19478034214525,8.68754451581172,11.3335740725489,11.8307203396454,8.59286077464029,..
China,CHN,Urban population growth (annual %),SP.URB.GROW,2.31199368347925,5.68492664212314,3.09965622046239,3.24951694056691,2.91680288008358,3.37528532053127,3.17308241612449,2.95728932457474,2.5376076856921,2.30265796342305,1.52695413125789,1.95707313202645,0.751201671519741,0.374239259681571,0.431708792065523,0.508242457875982
China,CHN,"Agriculture, forestry, and fishing, value added (% of GDP)",NV.AGR.TOTL.ZS,9.16649906130733,9.0338458593332,8.96505673533992,8.78442131602471,8.48242940933654,8.22401359479525,7.90065017505416,7.32839239286042,6.91714289236836,7.00621575788341,7.54018198521241,7.08935251618004,7.14788692830171,6.88951941080068,6.7975741844132,6.65869070601804
China,CHN,"Inflation, consumer prices (annual %)",FP.CPI.TOTL.ZG,3.17532475269199,5.55389892257493,2.61952432645541,2.62105001748115,1.92164162788521,1.43702380935655,2.00000182191943,1.59313600071436,2.07479039965576,2.89923416358227,2.41942189457782,0.981015135544882,1.97357555739051,0.234836828893051,0.218128938439177,0.0595646916565403
China,CHN,"Unemployment, total (% of total labor force) (national estimate)",SL.UEM.TOTL.NE.ZS,2.912,2.748,2.776,2.929,3.058,3.296,3.831,3.775,4.93,5.15,5.61,5.11,4.569,..,..,..
China,CHN,"Unemployment, total (% of total labor force) (modeled ILO estimate)",SL.UEM.TOTL.ZS,4.53,4.55,4.58,4.6,4.63,4.65,4.56,4.47,4.31,4.56,5,4.55,4.98,4.67,4.59,4.615
China,CHN,Current account balance (% of GDP),BN.CAB.XOKA.GD.ZS,3.8402567341525,1.77399724587567,2.48328422404794,1.52111320885029,2.21130586371267,2.59752794949746,1.67018709565352,1.50488723669316,0.170563391928727,0.619961080716059,1.49179592498582,1.6339546037037,2.20640460953834,1.40681103517507,2.46818591485776,3.76972243689338
China,CHN,Real interest rate (%),FR.INR.RINR,-1.05008587192501,-1.34736009365721,3.51196421926532,3.61856200335179,4.45937542503393,4.20973314897109,2.82893835409996,0.195831844025431,0.853565072603339,2.99400114142806,3.79916555206627,-0.118282146188387,2.36955382500776,4.88153902941754,5.15344182022933,..
China,CHN,"Foreign direct investment, net inflows (% of GDP)",BX.KLT.DINV.WD.GD.ZS,3.93541996731512,3.65069190228423,2.78099138181613,2.98598708261986,2.51155883670463,2.14957284731563,1.52539470315394,1.32468971748482,1.66361992284408,1.28549226847992,1.68770756292082,1.8903454142588,1.03841365474349,0.280991103634816,0.227695125306895,0.410194399848574
China,CHN,"Central government debt, total (% of GDP)",GC.DOD.TOTL.GD.ZS,..,..,..,..,..,..,..,..,..,..,..,..,..,..,..,..
China,CHN,Gross savings (% of GDP),NY.GNS.ICTR.ZS,50.7951259924622,48.6410622284448,48.1956233738576,47.0363460228068,47.2736238197056,45.1016053776732,43.8678663976574,44.3202552812278,43.7715764233009,43.2925997301417,43.4998633494291,44.679938707538,44.8335710565362,42.5717088559186,42.7150109198495,..
China,CHN,GDP (constant 2015 US$),NY.GDP.MKTP.KD,7711401293675.62,8441058131256.55,9104341297809.09,9812516071429.73,10544628617502.6,11280814787468.9,12044942062503.5,12874987827480.3,13745054545709.3,14579018970009.3,14920095680400.9,16198805195731.6,16706452162504,17611274170444.3,18484494644731.6,19401316126585.1
China,CHN,"Agriculture, forestry, and fishing, value added (annual % growth)",NV.AGR.TOTL.KD.ZG,4.25106968475744,4.17428925115159,4.46654195502873,3.80719982961759,4.0504682356524,3.89852146595599,3.277813557195,3.96129100204894,3.48291750027343,3.07679355819765,3.13108456213685,7.07379636467689,4.20349881765986,4.05214540406106,3.67001912170994,3.93645437931254
China,CHN,"Services, value added (% of GDP)",NV.SRV.TOTL.ZS,45.126871988843,45.1659405665759,46.3528742639869,47.8217057140074,49.2348611102851,51.72839163487,53.2881936644189,53.541663396795,54.1051640361573,55.2295599322538,55.5482556415912,54.8181795722183,54.9575804271762,56.3379775668432,56.831400416389,57.6996434500205
China,CHN,"Services, value added (annual % growth)",NV.SRV.TOTL.KD.ZG,9.59605074254455,9.2937602598407,7.995556771604,8.30728837755687,8.3866664925244,8.58314132714084,7.90408672352166,8.1152974532025,7.95616073890608,7.59322902522975,2.3783289058034,9.01382492938603,3.54054465979135,6.27913995053039,5.0721289191593,5.38632588546307
China,CHN,Domestic credit to private sector (% of GDP),FS.AST.PRVT.GD.ZS,124.425608463989,121.167093127879,126.819734509975,131.939045697462,137.623726308462,149.628832038708,153.192761827313,152.089747458443,154.991560224764,162.207566232758,179.104100221958,173.554518720488,181.785162429715,189.606708989308,194.312528264561,..
France,FRA,"Adolescent fertility rate (births per 1,000 women ages 15-19)",SP.ADO.TFRT,10.611,10.22,9.873,9.218,8.843,8.176,7.557,7.122,6.397,6.127,5.616,4.94,3.979,3.507,3.302,..
France,FRA,"Annual freshwater withdrawals, total (% of internal resources)",ER.H2O.FWTL.ZS,14.289,15.073,14.0315,13.5785,13.6485,14.058,13.218,13.473,13.461462155,13.106043065,12.33577599,12.2138298,12.2138298,..,..,..
France,FRA,Births attended by skilled health staff (% of total),SH.STA.BRTC.ZS,97.5,96.2,97.1,98.3,98.3,97.7,97.4,98,98.1,97.6,98.2,..,..,..,..,..
France,FRA,"Contraceptive prevalence, any method (% of married women ages 15-49)",SP.DYN.CONU.ZS,78.4,..,..,..,..,..,..,..,..,..,..,..,..,..,..,..
France,FRA,Domestic credit provided by financial sector (% of GDP),FS.AST.DOMS.GD.ZS,..,..,..,..,..,..,..,..,..,..,..,..,..,..,..,..
France,FRA,Electric power consumption (kWh per capita),EG.USE.ELEC.KH.PC,7737.80283768956,7350.22802740645,7473.82723468712,7506.20489138963,7106.65526381496,7208.30136656291,7276.87553511397,7229.03935292766,7156.81690085647,7059.07466974036,6685.6150734803,6950.69961060428,6649.38931756837,6415.02611160317,6447.21141881145,..
France,FRA,Energy use (kg of oil equivalent per capita),EG.USE.PCAP.KG.OE,4040.43918739374,3951.00450412595,3929.20601557226,3925.86545930191,3755.83244171123,3799.19260526718,3718.17053401513,3705.41111644137,3669.37065950443,3605.53190025511,3228.48915727036,3469.83398574773,3100.1897815932,3136.12237461475,3184.7895085475,..
France,FRA,Exports of goods and services (% of GDP),NE.EXP.GNFS.ZS,27.8264880915553,29.538847336075,30.3556786527444,30.5912853427773,30.741812901515,31.6934947262689,31.498210070063,32.311834044929,32.9179818922164,32.8895429451147,28.5572228192655,31.2880499332105,36.6160484268785,34.4562568778842,33.8897542343832,33.3928225145364
France,FRA,"External debt stocks, total (DOD, current US$)",DT.DOD.DECT.CD,..,..,..,..,..,..,..,..,..,..,..,..,..,..,..,..
France,FRA,"Fertility rate, total (births per woman)",SP.DYN.TFRT.IN,2.03,2.01,2.01,1.99,2,1.96,1.92,1.89,1.87,1.86,1.82,1.83,1.78,1.66,1.61,..
France,FRA,"Foreign direct investment, net inflows (BoP, current US$)",BX.KLT.DINV.CD.WD,38889439213.3126,44205811126.5791,32944663317.8722,33461592993.8228,5063648998.48313,43133325471.3567,35623357280.0881,43733253503.8812,77493098693.2377,53499337503.7413,19368829836.4654,98012545019.163,112295479269.655,18051596853.4685,52052548617.7634,73025740709.3369
France,FRA,Forest area (sq. km),AG.LND.FRST.K2,164190,165024,165858,166692,167526,168360,169194,170028,170862,171696,172530,173364,174198,175032,..,..
France,FRA,GDP (current US$),NY.GDP.MKTP.CD,2646230027988.34,2870408553990.28,2683007095787.23,2816077607875.26,2861236112552.42,2442483452642.5,2470407619777.13,2588868323334.71,2781576320884.39,2722793515171.76,2647926055110.05,2966433692008.09,2794788137066.94,3056250648138.29,3160442622465.08,3366315927447.33
France,FRA,GDP growth (annual %),NY.GDP.MKTP.KD.ZG,2.00032476039051,2.43757653729007,0.183835264973013,0.781756446231,0.997832947295251,1.06675474783462,0.860031075424033,2.08361485997399,1.64590872395887,2.02744646419237,-7.44064589948231,6.88233783360239,2.71676264185913,1.43921494437743,1.19046798275883,0.840949955479587
France,FRA,"GNI per capita, Atlas method (current US$)",NY.GNP.PCAP.CD,44040,44610,43500,43950,43470,41130,39020,38120,40960,42720,39690,44300,46010,45770,45160,48630
France,FRA,"GNI per capita, PPP (current international $)",NY.GNP.PCAP.PP.CD,36780,38550,38550,40530,41130,41730,43750,45370,47430,52660,50480,54160,58780,62340,63730,65110
France,FRA,"GNI, Atlas method (current US$)",NY.GNP.ATLS.CD,2863513128540.39,2914604369804.82,2856137085273.23,2900696875180.13,2882320299653.07,2737428383785.61,2603823276261.62,2551002342698.61,2751033040382.7,2878835252263.54,2683183288339.89,3005629537434.2,3136847668204.39,3129356172373.16,3096054838870.8,3341656452908.72
France,FRA,"GNI, PPP (current international $)",NY.GNP.MKTP.PP.CD,2391922327825.71,2519178331298.93,2530884956905.18,2674780660955.62,2727161281135.26,2777257281493.37,2918879960617.61,3036125535476.15,3185264611209.71,3548150304410.77,3412349289807.98,3674360638970.36,4008095598692.89,4262163165930.74,4368454830096.32,4474299725067.19
France,FRA,Gross capital formation (% of GDP),NE.GDI.TOTL.ZS,21.3378695020042,22.4996452716579,21.8295648772748,21.520441960601,21.8364708236132,21.7165418613305,21.5978606152326,22.1813991959176,22.6115738942638,23.0250733613606,22.8044182138435,23.4474845782806,24.0233523984125,22.9278749312543,21.5139121721262,21.9383964560126
France,FRA,High-technology exports (% of manufactured exports),TX.VAL.TECH.MF.ZS,26.3233800074675,25.1193585926138,26.6906319566323,27.1817177565412,27.4702736686884,28.2116908505326,27.9331801598168,26.0180218998669,25.9347849255776,26.9265976407414,21.1920405248012,22.305003085565,21.9264611257156,22.3835449721792,23.1371073769038,..
France,FRA,"Immunization, measles (% of children ages 12-23 months)",SH.IMM.MEAS,89,89,91,90,91,91,90,90,91,92,94,94,95,95,95,..
France,FRA,Imports of goods and services (% of GDP),NE.IMP.GNFS.ZS,28.7610671562408,31.0667881455656,31.3032784243658,31.2279485306189,31.4574540364356,31.8111924693795,31.8445463682721,33.0840141110421,33.8842788890102,33.5394177830602,30.2816679047993,32.5004326976615,39.3469593713211,36.1698881831383,34.2184333099912,33.7995547693485
France,FRA,Income share held by lowest 20%,SI.DST.FRST.20,7.7,7.8,7.9,8,8,7.9,8,8.1,8,7.8,8,7.7,7.8,7.7,..,..
France,FRA,"Industry (including construction), value added (% of GDP)",NV.IND.TOTL.ZS,17.5945885002022,17.6800048726048,17.4684347699959,17.5699939241217,17.3416195349368,17.236441547058,16.9433572396904,16.7483032647876,16.725283255726,16.907003960354,16.272651205236,16.0877289574672,15.769153788105,18.1109847493837,17.2101481972036,16.7769964006735
France,FRA,"Inflation, GDP deflator (annual %)",NY.GDP.DEFL.KD.ZG,1.089446423803,0.851478363204762,1.08204690089583,0.747875807422233,0.570795054388284,1.13444009013935,0.517258232209031,0.586343157961707,1.11459331332806,1.21052308336793,2.97797868174696,1.22181614073425,3.01818420778099,4.99026368272813,2.08759965215148,1.17611936604543
France,FRA,"Life expectancy at birth, total (years)",SP.DYN.LE00.IN,81.6634146341463,82.1146341463415,81.9682926829268,82.219512195122,82.719512195122,82.3219512195122,82.5731707317073,82.5756097560976,82.6756097560976,82.8268292682927,82.1756097560976,82.3243902439024,82.1292682926829,82.8317073170732,82.9804878048781,..
France,FRA,Merchandise trade (% of GDP),TG.VAL.TOTL.GD.ZS,42.8850473313804,45.8645860070991,46.3331983710335,44.8293753151394,43.967360627144,44.0953652658232,43.2655725088974,44.5998736047233,45.2499897468143,45.012924893891,40.4064908812393,43.827138408744,51.6560443653201,47.0936178247274,44.0556645484674,43.6539241019586
France,FRA,Military expenditure (% of GDP),MS.MIL.XPND.GD.ZS,1.96864375039496,1.88794614981494,1.87154409463222,1.84711648361859,1.85952906556899,1.86973268204402,1.85171809616119,1.8523088187904,1.84604257144589,1.85288520696513,2.02167455284232,1.98022225807935,1.95772067476703,1.95099683800051,2.05257687860637,..
France,FRA,Mobile cellular subscriptions (per 100 people),IT.CEL.SETS.P2,91.1185789923179,93.8529031474159,97.1924631662654,98.347924466483,101.132290573498,102.718366606519,103.816661597799,105.718368398783,107.482434668386,109.600780374596,110.387215275645,113.952719366702,115.950519429629,116.687800394775,..,..
France,FRA,"Mortality rate, under-5 (per 1,000 live births)",SH.DYN.MORT,4.2,4.2,4.1,4.1,4.1,4.2,4.2,4.2,4.2,4.2,4.2,4.3,4.3,4.3,4.3,..
France,FRA,Net barter terms of trade index (2015 = 100),TT.PRI.MRCH.XD.WD,103.5,99,98.1,97.3,96.8,100,99.6,96.9,95.9,96.4,97.8,97,94.2,95.4,95.6,..
France,FRA,Net migration,SM.POP.NETM,52644,70178,103287,116297,52342,-345,15548,102984,132925,71972,145593,131465,179377,91862,90527,91737
France,FRA,Net official development assistance and official aid received (current US$),DT.ODA.ALLD.CD,..,..,..,..,..,..,..,..,..,..,..,..,..,..,..,..
France,FRA,"Personal remittances, received (current US$)",BX.TRF.PWKR.CD.DT,19898258274.131,22942280254.4201,22666366758.9421,26940225859.3133,27976008592.2686,25447506168.0403,25592759188.2071,26805186001.349,28387547436.0504,28763750644.1879,29983731184.6851,32646501628.4632,32713597628.0033,36700644624.7257,38775361344.0285,40399735533.1026
France,FRA,Population density (people per sq. km of land area),EN.POP.DNST,120.653513312923,121.237276185175,121.825139623342,122.456502458484,123.039367288246,123.477636144355,123.803885332591,124.163688653864,124.609607570276,125.024698023935,125.431134613601,125.879601076167,126.513511457464,126.862020595603,..,..
France,FRA,Population growth (annual %),SP.POP.GROW,0.492976371032656,0.482667411007127,0.483714919435185,0.516915013016667,0.474847846171767,0.355569240058298,0.263868788565368,0.29020211635109,0.358494581816163,0.332559129027963,0.324557781035362,0.356902332389048,0.502320929337976,0.275093143443794,0.261995241898747,0.245766211891762
France,FRA,"Population, total",SP.POP.TOTL,65026211,65340830,65657659,65997932,66312067,66548272,66724104,66918020,67158348,67382061,67601110,67842811,68184457,68372286,68551653,68720337
France,FRA,Poverty headcount ratio at $3.00 a day (2021 PPP) (% of population),SI.POV.DDAY,0.1,0,0.1,0.1,0,0.1,0.1,0,0,0.1,0.1,0.1,0.1,0.1,..,..
France,FRA,Poverty headcount ratio at national poverty lines (% of population),SI.POV.NAHC,..,..,..,..,..,..,..,..,..,..,..,15.6,..,..,..,..
France,FRA,"Prevalence of HIV, total (% of population ages 15-49)",SH.DYN.AIDS.ZS,0.3,0.3,0.3,0.3,0.3,0.3,0.3,0.3,0.3,0.3,0.3,0.3,0.3,0.3,..,..
France,FRA,"Prevalence of underweight, weight for age (% of children under 5)",SH.STA.MALN.ZS,..,..,..,..,..,..,..,..,..,..,..,..,..,..,..,..
France,FRA,"Primary completion rate, total (% of relevant age group)",SE.PRM.CMPT.ZS,..,..,..,..,..,..,..,..,..,..,..,..,..,..,..,..
France,FRA,"Revenue, excluding grants (% of GDP)",GC.REV.XGRT.GD.ZS,43.2656767272935,42.9691339303891,43.8790803963843,44.7264579054071,44.9324802595085,44.6530065209365,44.4509842015877,45.0848754876607,44.7259377621146,43.3488714857635,42.9822123869451,42.5814409563757,43.4321332366138,41.6513891623385,42.1079880169865,..
France,FRA,"School enrollment, primary (% gross)",SE.PRM.ENRR,102.761512756348,102.691101074219,102.523162841797,102.276443481445,101.280349731445,101.989639282227,102.260429382324,102.417221069336,102.464408874512,102.447647094727,102.651626586914,102.580406188965,102.709487915039,103.265121459961,103.439743041992,..
France,FRA,"School enrollment, primary and secondary (gross), gender parity index (GPI)",SE.ENR.PRSC.FM.ZS,1.00078999996185,1.00325000286102,1.00304996967316,1.00567996501923,1.00685000419617,1.00341999530792,1.00250005722046,1.00194001197815,1.00080001354218,0.998740017414093,0.997049987316132,..,..,..,..,..
France,FRA,"School enrollment, secondary (% gross)",SE.SEC.ENRR,106.424942016602,106.610641479492,105.813583374023,104.376602172852,103.425827026367,103.396041870117,103.308097839355,103.756080627441,103.773330688477,104.07689666748,104.566566467285,104.522842407227,104.316436767578,103.962417602539,103.78540802002,..
France,FRA,Surface area (sq. km),AG.SRF.TOTL.K2,549087,549087,549087,549087,549087,549087,549087,549087,549087,549087,606410,606410,606410,606410,..,..
France,FRA,Tax revenue (% of GDP),GC.TAX.TOTL.GD.ZS,21.9860264776611,21.8260251212647,22.608974141338,23.2041011683014,23.1556593525911,23.2974119760792,23.1463283405753,23.7863349624871,24.3098642807809,24.6605263993177,24.7888064416138,23.9794445386059,24.5495737523762,23.1762031443727,22.778486344686,..
France,FRA,Terrestrial and marine protected areas (% of total territorial area),ER.PTD.TOTL.ZS,..,..,..,23.5,23.4,23.2,25.9,27.8,33.2,35,36.2,36.4,36.6,36.6,36.8,36.7
France,FRA,"Total debt service (% of exports of goods, services and primary income)",DT.TDS.DECT.EX.ZS,..,..,..,..,..,..,..,..,..,..,..,..,..,..,..,..
France,FRA,Urban population growth (annual %),SP.URB.GROW,0.487458679950618,0.511182130966785,0.546812513127674,0.616810366986242,0.615029382003644,0.88249072680784,1.3368064229986,0.349813019619046,0.389849816707503,0.354972490012461,0.353572181852013,0.388083616553456,0.531186532435236,0.302058020324431,0.28679881642264,0.302845270784708
France,FRA,"Agriculture, forestry, and fishing, value added (% of GDP)",NV.AGR.TOTL.ZS,1.50088040274637,1.55137276231397,1.52594468949115,1.36140137870511,1.46154600121993,1.50360116027898,1.33798472564444,1.43496006533197,1.53110170543578,1.40828485472535,1.4604342657704,1.46334541457898,1.72017137018833,1.48475796304424,1.29979455802577,1.40317576023592
France,FRA,"Inflation, consumer prices (annual %)",FP.CPI.TOTL.ZG,1.53112270420919,2.11159795175,1.9541953161351,0.863715497861804,0.50775882293799,0.0375143805125182,0.183334861123765,1.03228275064681,1.85081508315493,1.10825492288294,0.476498852725065,1.64233141038394,5.22236748369725,4.8783572650844,1.99904942291463,0.943770212469976
France,FRA,"Unemployment, total (% of total labor force) (national estimate)",SL.UEM.TOTL.NE.ZS,9.279,9.228,9.841,9.913,10.273,10.354,10.057,9.409,9.018,8.415,8.009,7.871,7.303,7.335,7.436,7.7
France,FRA,"Unemployment, total (% of total labor force) (modeled ILO estimate)",SL.UEM.TOTL.ZS,9.279,9.228,9.841,9.913,10.273,10.354,10.057,9.409,9.018,8.415,8.009,7.871,7.303,7.335,7.4,7.542
France,FRA,Current account balance (% of GDP),BN.CAB.XOKA.GD.ZS,-0.832545468638349,-1.02802797917579,-1.22530807843013,-0.59799045690811,-0.96273369938115,-0.334528437032909,-0.538632351885894,-0.47461518521567,-0.735670615255372,0.587362764575748,-2.00313613657686,0.244238511780543,-1.43234855251881,-1.04301703799496,0.0851279883251641,-0.274343403515968
France,FRA,Real interest rate (%),FR.INR.RINR,..,..,..,..,..,..,..,..,..,..,..,..,..,..,..,..
France,FRA,"Foreign direct investment, net inflows (% of GDP)",BX.KLT.DINV.WD.GD.ZS,1.46961673029144,1.54005293306163,1.22790071519382,1.18823404938295,0.176974174772525,1.76596182973896,1.44200321416196,1.68928072199317,2.78594184568695,1.96486943301562,0.731471704018579,3.30405312221271,4.0180319137717,0.590645170561014,1.64700185498585,2.16930740558009
France,FRA,"Central government debt, total (% of GDP)",GC.DOD.TOTL.GD.ZS,..,..,..,..,..,..,..,..,..,..,..,..,..,..,..,..
France,FRA,Gross savings (% of GDP),NY.GNS.ICTR.ZS,20.9610611911773,21.9422669989976,21.1445636776072,21.1527297625311,21.0922067480042,21.5310981790445,21.1607249969519,21.6185171335885,21.8900056739386,23.4899898451564,20.7835856396957,23.4519466335002,22.4903116689235,21.7409677470466,21.4347338631091,21.4586170922043
France,FRA,GDP (constant 2015 US$),NY.GDP.MKTP.KD,2313515332182.54,2369909039106.43,2374265767668.09,2392826743357.49,2416703156974.4,2442483452642.5,2463489569347.31,2514819204088.14,2556210832760.02,2608036638906.12,2413981867676.36,2580120255051.75,2650215998256.03,2688358302961.22,2720362347819.81,2743239233772.68
France,FRA,"Agriculture, forestry, and fishing, value added (annual % growth)",NV.AGR.TOTL.KD.ZG,-2.93290368387996,4.41552961035308,-8.62304490158833,-1.80308485261293,14.922258322173,-0.119146845874667,-12.8921036453769,7.95716297829017,3.74096956984971,-2.36507412978948,-7.01387229578118,-4.80138465128231,6.86816851942056,1.40484830889824,-14.7863230734435,6.94996001908332
France,FRA,"Services, value added (% of GDP)",NV.SRV.TOTL.ZS,70.7106511172851,70.2766502820806,70.3954825743036,70.4096711493974,70.4282438710721,70.3090113135195,70.602995081322,70.3851824021717,70.1367025071467,70.1101608629661,70.9770173200242,70.6735726050728,71.7575436778909,70.2119038407892,70.9141844211851,70.8514738300024
France,FRA,"Services, value added (annual % growth)",NV.SRV.TOTL.KD.ZG,2.34324739725471,2.72505485559968,1.11621693138768,0.851082203134482,1.27454278051027,1.07141176678176,1.31712082494084,1.98122240665649,1.56028742433188,2.2264735293647,-7.01980842990685,6.82517592675482,5.35489820296735,1.07494394999917,1.69759275649876,0.853308632883795
France,FRA,Domestic credit to private sector (% of GDP),FS.AST.PRVT.GD.ZS,95.8471452301569,96.6491919516285,96.5785492959372,95.8769626871841,93.9159081503646,94.9454202268228,97.4904687619857,101.617830234188,104.624051971951,106.913030586051,125.397439701102,120.721909947613,119.290366998126,112.567354839828,107.58266062477,..
Germany,DEU,"Adolescent fertility rate (births per 1,000 women ages 15-19)",SP.ADO.TFRT,9.559,8.639,8.27,7.844,7.895,8.115,9.23,8.317,7.665,7.126,6.544,6.241,5.577,5.473,5.237,..
Germany,DEU,"Annual freshwater withdrawals, total (% of internal resources)",ER.H2O.FWTL.ZS,30.8327102803738,34.0400018691589,31.4459261682243,23.6691588785047,29.2598990654206,27.8816869158878,22.8439252336449,25.9330878504673,25.159938317757,24.1052046728972,24.1052046728972,24.1052046728972,24.1052046728972,..,..,..
Germany,DEU,Births attended by skilled health staff (% of total),SH.STA.BRTC.ZS,96.8,96.9,97,96.9,96.9,97.1,96.2,97.1,96.2,96.2,..,..,..,..,..,..
Germany,DEU,"Contraceptive prevalence, any method (% of married women ages 15-49)",SP.DYN.CONU.ZS,..,80.3,..,..,..,..,..,..,..,..,..,..,..,..,..,..
Germany,DEU,Domestic credit provided by financial sector (% of GDP),FS.AST.DOMS.GD.ZS,..,..,..,..,..,..,..,..,..,..,..,..,..,..,..,..
Germany,DEU,Electric power consumption (kWh per capita),EG.USE.ELEC.KH.PC,7265.99787984215,7281.95731913142,7251.52666451421,7217.18189106524,7035.61880653228,7032.02144106578,6972.36527283762,6947.26382648139,6815.82136213371,6580.29256436905,6367.10502947955,6582.54587433797,6316.27571164921,5947.27119952649,6109.08541252395,..
Germany,DEU,Energy use (kg of oil equivalent per capita),EG.USE.PCAP.KG.OE,4029.83085754355,3891.87175356307,3913.43920397127,3986.18505186393,3794.44720253102,3780.85027551891,3765.21799936242,3763.19404182465,3659.22924485198,3570.88159282488,3349.19931383762,3467.03057027911,3261.8564081995,2928.19658713867,2824.59006117053,..
Germany,DEU,Exports of goods and services (% of GDP),NE.EXP.GNFS.ZS,39.4953465429823,41.6436286591115,42.6855834357406,41.6802838324356,41.6936675523627,42.5853976151835,41.6355419518592,42.2029575981591,42.4968914074717,42.3402444816356,39.1198068808828,42.5198379291429,45.6284043425185,42.9672624196847,41.4340593720908,40.4347738545071
Germany,DEU,"External debt stocks, total (DOD, current US$)",DT.DOD.DECT.CD,..,..,..,..,..,..,..,..,..,..,..,..,..,..,..,..
Germany,DEU,"Fertility rate, total (births per woman)",SP.DYN.TFRT.IN,1.39,1.39,1.41,1.42,1.47,1.5,1.6,1.57,1.57,1.54,1.53,1.58,1.455,1.39,1.36,..
Germany,DEU,"Foreign direct investment, net inflows (BoP, current US$)",BX.KLT.DINV.CD.WD,86037502102.1644,97535403952.5493,65443087632.2705,67199694458.9368,17356720097.6154,62418993509.2489,58132711370.7803,108786501529.106,162250938125.842,75463438450.8916,176781024357.228,127609826748.268,76571769735.7819,90884107609.8902,62637241923.0722,95190853681.3313
Germany,DEU,Forest area (sq. km),AG.LND.FRST.K2,114090,114110,114130,114150,114170,114190,114190,114190,114190,114190,114190,114190,114190,114190,..,..
Germany,DEU,GDP (current US$),NY.GDP.MKTP.CD,3467093769666.67,3823575803793.78,3596483233406.25,3807023797050.99,3964870735760.77,3425099578746.09,3536787895179,3765351626105.89,4055433215301.96,3959894794039.21,3941398957073.94,4355251953410.78,4201021706478.62,4562207532490.28,4685592577804.69,5050922925047.05
Germany,DEU,GDP growth (annual %),NY.GDP.MKTP.KD.ZG,4.13463778522758,3.75796884489337,0.463512036709204,0.396995583779145,2.18018602168017,1.66300602334775,2.22222216259371,2.797906720551,1.13569604599849,0.977734697038784,-4.13191443239947,3.90999994204108,1.8092581243061,-0.869647578573321,-0.495851897260366,0.239578342117881
Germany,DEU,"GNI per capita, Atlas method (current US$)",NY.GNP.PCAP.CD,45530,48200,47480,48160,48610,46590,45340,44730,48770,50350,48540,52850,55200,55420,55090,60200
Germany,DEU,"GNI per capita, PPP (current international $)",NY.GNP.PCAP.PP.CD,40510,44500,45280,46950,48930,49520,53030,55520,58540,61510,60200,64730,71750,74600,76500,78140
Germany,DEU,"GNI, Atlas method (current US$)",NY.GNP.ATLS.CD,3723668286252.79,3869646835261.63,3818468522988.02,3883596668016.15,3936247372235.69,3806183120831.09,3734059829677.44,3697432080419.44,4043585502226.57,4183690288598.18,4036302293319.67,4397066115769.06,4591309344658.36,4615640863991.32,4601090967362.16,5026012352664.98
Germany,DEU,"GNI, PPP (current international $)",NY.GNP.MKTP.PP.CD,3312905376960.99,3572246332436.97,3641714279907.42,3786623110441.1,3962765480136.86,4045526279940.68,4367324025256.18,4589054798511.78,4852963091884.13,5110755212505.83,5005950460927.29,5384870743755.81,5968173637429.3,6213481415126.37,6389419029709.13,6523709722627.16
Germany,DEU,Gross capital formation (% of GDP),NE.GDI.TOTL.ZS,19.5310600093299,21.2669872693317,19.4724714926695,19.7883815690324,20.139488753447,19.4978020945699,19.7122567843741,20.6909762954118,21.6503641494105,21.381259046499,21.7290304632077,22.6730557200041,23.2760146288029,21.994283425489,21.4994328905028,21.9314930278238
Germany,DEU,High-technology exports (% of manufactured exports),TX.VAL.TECH.MF.ZS,16.8896855327149,16.3417186285114,17.2272861923698,17.2979906043683,17.2097149731509,17.8243752766447,18.0827014214761,15.850578794452,15.7474335584013,16.3869405629417,15.5031959869375,15.3851048227765,17.4981505573659,17.7818374796623,17.9772990379432,..
Germany,DEU,"Immunization, measles (% of children ages 12-23 months)",SH.IMM.MEAS,97,97,97,97,97,97,97,97,97,97,97,98,96,96,96,..
Germany,DEU,Imports of goods and services (% of GDP),NE.IMP.GNFS.ZS,34.389888577044,36.7893742423305,36.6460661312909,35.9057450252575,35.1546840812607,35.1711839535087,34.3704482647463,35.2518818760857,36.6283346388937,36.7329982359327,33.8137258311309,37.3996969318423,43.1573498705316,38.9952859590786,37.6566712174028,38.0780373654056
Germany,DEU,Income share held by lowest 20%,SI.DST.FRST.20,8.4,8.5,8.2,8.2,8.1,8,7.9,7.9,7.9,7.7,7.6,7.2,6.9,..,..,..
Germany,DEU,"Industry (including construction), value added (% of GDP)",NV.IND.TOTL.ZS,26.0371435344861,26.2795286339924,26.5450401531822,25.8779408891742,25.9859539549736,25.8737038512745,26.1732405694774,25.9754703565139,25.8506477811784,25.5415743169893,25.2353421894561,25.1570468778005,25.560348825259,26.7958505063624,25.6229541900267,25.1588063294339
Germany,DEU,"Inflation, GDP deflator (annual %)",NY.GDP.DEFL.KD.ZG,0.699760025176531,1.22973443987648,1.43633622765856,1.99569888138804,1.89470416699187,1.74443989037543,1.25424485239203,1.47661425586129,1.87085953898291,2.00929122727773,1.75745290166456,2.69677840082888,6.41315910830296,6.6911238945853,3.1102774214087,3.00895267696031
Germany,DEU,"Life expectancy at birth, total (years)",SP.DYN.LE00.IN,79.9878048780488,80.4365853658537,80.5390243902439,80.490243902439,81.090243902439,80.6414634146341,80.990243902439,80.9926829268293,80.8926829268293,81.2926829268293,81.0414634146342,80.790243902439,80.6080487804878,81.0414634146342,80.7926829268293,..
Germany,DEU,Merchandise trade (% of GDP),TG.VAL.TOTL.GD.ZS,66.734220465645,71.3691617488637,71.0684531004814,68.9856470567479,68.1335453293576,69.4093104548607,67.5664210244945,69.3453961084741,70.1501380731818,68.7743018854817,64.8073191224544,69.7735523112544,77.6023364738259,69.4811881622081,65.9588077426912,65.4728660301066
Germany,DEU,Military expenditure (% of GDP),MS.MIL.XPND.GD.ZS,1.24181027958074,1.18233731589884,1.21725965761789,1.16213791467872,1.12769949450115,1.11541840455009,1.12912506140277,1.13126090102098,1.14814145777047,1.24014846331417,1.35598993512329,1.29982374349238,1.35030514561756,1.48796332620564,1.89190377205494,..
Germany,DEU,Mobile cellular subscriptions (per 100 people),IT.CEL.SETS.P2,109.364084468464,112.41947815744,114.191945537857,123.435398879553,122.308668591557,117.401165117624,125.024012174369,132.003261888443,128.945577229674,128.292298108313,128.424798814302,127.125099449404,124.158264349285,124.662572774586,129.150921864378,..
Germany,DEU,"Mortality rate, under-5 (per 1,000 live births)",SH.DYN.MORT,4.2,4.1,4,4,4,3.9,3.9,3.8,3.8,3.7,3.7,3.7,3.7,3.7,3.7,..
Germany,DEU,Net barter terms of trade index (2015 = 100),TT.PRI.MRCH.XD.WD,96.5,93.8,93.2,95.1,97.6,100,102,100.6,99.4,100.8,101.8,99.1,96.4,101.9,102.1,..
Germany,DEU,Net migration,SM.POP.NETM,130116,295282,199143,462384,592338,1175283,517480,452988,403908,319082,203468,310264,981552,609553,36954,-334072
Germany,DEU,Net official development assistance and official aid received (current US$),DT.ODA.ALLD.CD,..,..,..,..,..,..,..,..,..,..,..,..,..,..,..,..
Germany,DEU,"Personal remittances, received (current US$)",BX.TRF.PWKR.CD.DT,14234237740.6925,16407177249.8105,15375941506.0452,16172125157.7842,16266121335.6238,14887806700.0533,15259414671.0907,17216209193.6758,18653224755.0275,18338278468.7227,18819700392.0057,20256041836.0028,19892080819.2235,21412654736.7488,22168068237.9153,23900454358.4599
Germany,DEU,Population density (people per sq. km of land area),EN.POP.DNST,234.606908225034,230.304633348634,230.750625466231,231.155712565925,232.108053883634,234.152986871524,235.712929356538,236.588722557747,237.294012250272,237.822954291766,238.017318755545,238.118085806692,238.086252003664,238.351810090719,..,..
Germany,DEU,Population growth (annual %),SP.POP.GROW,-0.153198446937304,-1.8537146287573,0.187727800567293,0.272900214681538,0.416877359168292,0.865702643950251,0.807218538573871,0.373724559895838,0.300526701992065,0.22551987421288,0.0816931586494595,0.0423270572552137,-0.0219565701848977,0.131511079477747,0.274957829184881,-0.0303506708320264
Germany,DEU,"Population, total",SP.POP.TOTL,81776930,80274983,80425823,80645605,80982500,81686611,82348669,82657002,82905782,83092962,83160871,83196078,83177813,83287273,83516593,83491249
Germany,DEU,Poverty headcount ratio at $3.00 a day (2021 PPP) (% of population),SI.POV.DDAY,0.1,0.1,0.1,0.1,0.1,0.1,0.1,0.2,0.1,0.2,0.3,0.6,0.7,..,..,..
Germany,DEU,Poverty headcount ratio at national poverty lines (% of population),SI.POV.NAHC,..,..,..,..,..,..,..,..,..,16.1,16,14.8,..,..,..,..
Germany,DEU,"Prevalence of HIV, total (% of population ages 15-49)",SH.DYN.AIDS.ZS,0.1,0.1,0.1,0.1,0.1,0.1,0.1,0.1,0.1,0.1,0.1,0.1,0.1,0.2,0.2,..
Germany,DEU,"Prevalence of underweight, weight for age (% of children under 5)",SH.STA.MALN.ZS,..,..,..,..,..,..,0.6,..,..,..,..,..,..,..,..,..
Germany,DEU,"Primary completion rate, total (% of relevant age group)",SE.PRM.CMPT.ZS,101.365608215332,103.57341003418,101.78581237793,101.998260498047,99.4884567260742,102.09285736084,99.6975326538086,97.5730667114258,98.5883712768555,99.6325531005859,98.3834915161133,100.973701477051,97.7584228515625,99.2837371826172,96.8359603881836,..
Germany,DEU,"Revenue, excluding grants (% of GDP)",GC.REV.XGRT.GD.ZS,28.017826143481,28.4908861229527,28.7461775885228,28.9264882364433,28.9254038405479,28.8827449036776,28.8217362865039,28.9820017941202,29.2858536471726,29.5495126198661,29.5059871563036,29.2255467990463,28.5689040179075,28.4183906847328,29.3708896111546,..
Germany,DEU,"School enrollment, primary (% gross)",SE.PRM.ENRR,104.337593078613,104.415718078613,104.140548706055,103.638671875,102.62181854248,102.702461242676,101.406066894531,101.738708496094,102.645378112793,102.547470092773,101.996658325195,101.346549987793,100.218132019043,102.190689086914,102.638023376465,..
Germany,DEU,"School enrollment, primary and secondary (gross), gender parity index (GPI)",SE.ENR.PRSC.FM.ZS,0.961250007152557,0.96000999212265,0.96136999130249,0.964460015296936,0.965309977531433,0.966109991073608,0.963729977607727,0.957650005817413,0.960990011692047,0.965369999408722,0.970099985599518,..,..,..,..,..
Germany,DEU,"School enrollment, secondary (% gross)",SE.SEC.ENRR,104.891357421875,105.34651184082,104.442237854004,103.935333251953,103.303871154785,102.192413330078,100.852310180664,101.095642089844,100.837303161621,101.152557373047,101.307800292969,101.203536987305,100.81729888916,100.603057861328,100.243698120117,..
Germany,DEU,Surface area (sq. km),AG.SRF.TOTL.K2,357130,357140,357170,357340,357380,357410,357580,357580,357580,357580,357590,357590,357600,357680,..,..
Germany,DEU,Tax revenue (% of GDP),GC.TAX.TOTL.GD.ZS,11.3044209753524,11.7508036302609,11.9144565745477,12.0952178281376,12.050213270698,11.9885456247591,11.8344647143693,11.9735022246491,11.9511186565056,11.9024504704179,11.1648583484027,11.4694189021112,11.2560065573935,10.6875057770109,10.890812364142,..
Germany,DEU,Terrestrial and marine protected areas (% of total territorial area),ER.PTD.TOTL.ZS,..,..,..,38.9,38.5,38.5,38.8,38.8,38.8,38.5,38.8,38.5,38.7,38.7,40.1,40
Germany,DEU,"Total debt service (% of exports of goods, services and primary income)",DT.TDS.DECT.EX.ZS,..,..,..,..,..,..,..,..,..,..,..,..,..,..,..,..
Germany,DEU,Urban population growth (annual %),SP.URB.GROW,-0.114360105650343,-1.81029751623121,0.253515268002969,0.372093511446876,0.544178034998626,1.01662328817406,0.977276415779668,0.558459225538694,0.495496093754333,0.426317421770722,0.283943245187797,0.241688772523701,0.166757466008231,0.274038735862279,0.418567796491835,0.112289602952881
Germany,DEU,"Agriculture, forestry, and fishing, value added (% of GDP)",NV.AGR.TOTL.ZS,0.775984032180357,0.924638957956395,0.911412934754651,0.927130138706706,0.915606456087681,0.708512712866412,0.730531013610999,0.860007620510574,0.742451289010288,0.833126017731138,0.728659526127881,0.753895620719434,0.994638278032481,0.929156663056282,0.914397651173374,0.871426941482043
Germany,DEU,"Inflation, consumer prices (annual %)",FP.CPI.TOTL.ZG,1.1038103778926,2.07517283735874,2.00848884782956,1.50472330251876,0.906794000434246,0.514426137125456,0.491747008445174,1.50949485109628,1.73216879766942,1.44565976888253,0.144877925813982,3.06666666666673,6.87257438551097,5.94643667725823,2.2564981433876,2.17178770949721
Germany,DEU,"Unemployment, total (% of total labor force) (national estimate)",SL.UEM.TOTL.NE.ZS,7.043,5.967,5.372,5.316,4.979,4.612,4.104,3.781,3.384,3.163,3.881,3.54,3.098,2.978,3.364,3.8
Germany,DEU,"Unemployment, total (% of total labor force) (modeled ILO estimate)",SL.UEM.TOTL.ZS,7.043,5.967,5.372,5.316,4.979,4.612,4.104,3.781,3.384,3.163,3.881,3.594,3.137,3.071,3.4,3.711
Germany,DEU,Current account balance (% of GDP),BN.CAB.XOKA.GD.ZS,5.58814592773644,6.09171549435117,7.01984446991475,6.55719316810853,7.19411093057004,8.09671429040112,8.90236036837271,8.07873526112888,8.43761219902204,7.87471222403173,6.34782686016016,6.92006966375342,4.11376375249819,5.50327392607703,5.89380863529108,4.50585617378113
Germany,DEU,Real interest rate (%),FR.INR.RINR,..,..,..,..,..,..,..,..,..,..,..,..,..,..,..,..
Germany,DEU,"Foreign direct investment, net inflows (% of GDP)",BX.KLT.DINV.WD.GD.ZS,2.48154528887853,2.55089499875415,1.8196411156431,1.76515036525359,0.437762571704246,1.82239938063641,1.64365840117303,2.88914588414184,4.00082875273687,1.9056930139782,4.48523547812751,2.93002168676674,1.82269397984058,1.99210813981277,1.33680512940413,1.88462297077013
Germany,DEU,"Central government debt, total (% of GDP)",GC.DOD.TOTL.GD.ZS,..,..,..,..,..,..,..,..,..,..,..,..,..,..,..,..
Germany,DEU,Gross savings (% of GDP),NY.GNS.ICTR.ZS,25.061745174062,27.3804200252678,26.4802539661911,26.339387294457,27.389383046964,27.624739160072,28.6547979791762,28.6566319463924,30.0075324734044,29.2651262058024,28.0207954478952,29.5132406376345,27.027321336362,27.6337088938208,27.123558800475,26.3665827976479
Germany,DEU,GDP (constant 2015 US$),NY.GDP.MKTP.KD,3150598283304.25,3268996785218.57,3284148978797.69,3297186905208.25,3369071713224.27,3425099578746.09,3501212900675.89,3599173571724.7,3640049243667.4,3675639268112.03,3523764998709.97,3661544208117.2,3727790994177.62,3695372350062.48,3677048776153.86,3685858188650.63
Germany,DEU,"Agriculture, forestry, and fishing, value added (annual % growth)",NV.AGR.TOTL.KD.ZG,-1.41563201893588,3.82241633788996,0.155876312301146,-2.68406278257923,11.8317197634491,-12.6708992791054,3.81663297824501,4.46484079479129,-13.2842879190458,8.99793810864197,-0.179679752402421,18.1199888641425,3.41180784300654,-11.9934621370477,-0.176730867412999,0.549810373793221
Germany,DEU,"Services, value added (% of GDP)",NV.SRV.TOTL.ZS,62.7061554109343,62.0438601919976,61.8201108856563,62.3613630655019,62.2965551672491,62.6076196214484,62.3594067369594,62.4900468331378,62.7863181160328,63.0067735661299,63.8751333055131,63.5453543127468,63.4806825103587,63.6154489715143,64.0456505820091,64.459664735979
Germany,DEU,"Services, value added (annual % growth)",NV.SRV.TOTL.KD.ZG,1.04972161840082,3.23937468564444,0.653372563668157,1.15606704558881,1.38644079208842,1.96949172518505,1.79030837945314,2.78767776060276,1.3887290186202,1.44226041953954,-3.72353893019024,3.65346854481905,3.80961666404048,0.309006441344593,0.665835294311705,0.486783751335821
Germany,DEU,Domestic credit to private sector (% of GDP),FS.AST.PRVT.GD.ZS,86.7703784709742,83.2493965947192,82.1912777571376,80.6847771482794,77.7920367770492,76.5815039050479,75.9886830599554,76.0590859587592,76.6188414195566,77.9656968065859,83.809378912227,82.7038241987432,81.079187544963,77.253484574492,..,..
India,IND,"Adolescent fertility rate (births per 1,000 women ages 15-19)",SP.ADO.TFRT,41.719,40.795,39.533,35.326,28.806,18.194,14.535,15.166,15.133,14.796,14.423,14.289,14.185,14.06,13.036,..
India,IND,"Annual freshwater withdrawals, total (% of internal resources)",ER.H2O.FWTL.ZS,44.7786998616874,44.7786998616874,44.7786998616874,44.7786998616874,44.7786998616874,44.7786998616874,44.7786998616874,44.7786998616874,44.7786998616874,44.7786998616874,44.7786998616874,44.7786998616874,44.7786998616874,..,..,..
India,IND,Births attended by skilled health staff (% of total),SH.STA.BRTC.ZS,..,..,..,..,81.4,..,81.4,..,..,..,..,89.4,..,..,..,..
India,IND,"Contraceptive prevalence, any method (% of married women ages 15-49)",SP.DYN.CONU.ZS,..,..,..,..,..,..,53.5,..,..,..,..,66.7,..,..,..,..
India,IND,Domestic credit provided by financial sector (% of GDP),FS.AST.DOMS.GD.ZS,..,..,..,..,..,..,..,..,..,..,..,..,..,..,..,..
India,IND,Electric power consumption (kWh per capita),EG.USE.ELEC.KH.PC,629.895949144928,678.603763179269,709.29231683389,743.80155091251,808.293405748908,841.085387869102,879.945696796945,918.313686962613,970.834176233242,988.272169542114,901.399579163301,963.363913685612,1085.33520920382,1181.63126786529,..,..
India,IND,Energy use (kg of oil equivalent per capita),EG.USE.PCAP.KG.OE,531.86706609011,546.675890208969,572.133085479526,577.254621645988,610.165371779455,622.339883988149,627.273531026365,648.014718317903,668.303370218852,666.977347524506,632.239828540427,676.814293488143,727.902200094024,763.197899394641,..,..
India,IND,Exports of goods and services (% of GDP),NE.EXP.GNFS.ZS,22.4009332487945,24.5404113195713,24.534430661418,25.430861300519,22.9679630081172,19.8131891564045,19.1582349105946,18.7917648392982,19.9278285988562,18.664264897257,18.6824769296756,21.3991583305515,24.0401716365956,22.354801966733,22.0639816354399,22.2630410669804
India,IND,"External debt stocks, total (DOD, current US$)",DT.DOD.DECT.CD,290427544563.2,334399298473.1,392576050359.7,427245079805.9,457507409077.4,478831010025.1,455541896498.9,511575707373.6,521175685410,561017395481.3,564979321177.1,611987174447.7,615514904164.5,647556415555.5,716456023890.4,..
India,IND,"Fertility rate, total (births per woman)",SP.DYN.TFRT.IN,2.598,2.532,2.47,2.399,2.293,2.289,2.284,2.193,2.184,2.12,2.047,2.014,1.994,1.975,1.962,..
India,IND,"Foreign direct investment, net inflows (BoP, current US$)",BX.KLT.DINV.CD.WD,27396885033.7838,36498654597.8589,23995685014.2141,28153031270.3202,34576643694.1382,44009492129.5319,44458571545.798,39966091358.7384,42117450737.2644,50610647353.5911,64362364994.3754,44727277562.881,49940258404.2659,28086193530.3979,27139853378.1402,39097233086.2133
India,IND,Forest area (sq. km),AG.LND.FRST.K2,694960,697624,700288,702952,705616,708280,710940,713610,716270,718940,721600,724260,726930,729592,..,..
India,IND,GDP (current US$),NY.GDP.MKTP.CD,1675615519484.96,1823051829894.55,1827637590410.41,1856721507621.58,2039126479154.52,2103588360044.94,2294796885663.16,2651474262755.45,2702929641648.74,2835606256558.19,2674851578587.27,3167270623260.47,3249938492013.47,3500906030644.76,3760813470500.86,3956067115771.63
India,IND,GDP growth (annual %),NY.GDP.MKTP.KD.ZG,8.49758470165625,5.24131620024293,5.45638755164772,6.38610640091713,7.41022760516977,7.99625378567987,8.25630550176662,6.79538341902422,6.45385134495295,3.87143694070524,-5.77772470687303,9.68959249191741,7.6093649776932,7.210224629335,7.09927893176518,7.56666179284244
India,IND,"GNI per capita, Atlas method (current US$)",NY.GNP.PCAP.CD,1210,1350,1460,1500,1540,1580,1670,1790,1970,2070,1900,2170,2360,2490,2550,2760
India,IND,"GNI per capita, PPP (current international $)",NY.GNP.PCAP.PP.CD,4040,4290,4620,4810,4980,5210,5570,5900,6450,6880,6670,7720,8810,9710,10580,11600
India,IND,"GNI, Atlas method (current US$)",NY.GNP.ATLS.CD,1505735812817.74,1704432618502.18,1870994901529.7,1941116728600.43,2020998390899.97,2097598211573.35,2246783906988.89,2439593980809.42,2713329693634.33,2878536458775.43,2661734078595.35,3064476293210.61,3369134933654.19,3574604348744.14,3701345610769.29,4036219061833.14
India,IND,"GNI, PPP (current international $)",NY.GNP.MKTP.PP.CD,5024274679050,5407499730385.48,5913270509389.51,6230082834829,6536444230084.47,6913931060071.12,7482133947824.29,8024243304296.26,8866674604956.88,9551961172390.01,9358949268067.87,10923148862981.3,12564139444406.3,13967949305292.8,15351864612609.9,16982817599656.3
India,IND,Gross capital formation (% of GDP),NE.GDI.TOTL.ZS,39.7856241847736,39.590421855219,38.3474156730403,34.0231978997548,34.2678056268836,32.1167301358276,30.172690580036,30.9821728344733,32.3432182154485,30.0961975685688,28.9223840080659,32.1158221755014,34.4117962357355,34.504684353812,34.3459060404746,34.6030048968457
India,IND,High-technology exports (% of manufactured exports),TX.VAL.TECH.MF.ZS,7.73016032755592,7.87117262454535,7.70439427946636,8.87350364988968,9.22122174793918,8.02476917234515,7.66325704378624,7.36208114076572,9.04145168835151,10.2237396907979,11.0325638466576,10.2125596625118,12.6822794807287,14.9343472986716,18.5723946411049,..
India,IND,"Immunization, measles (% of children ages 12-23 months)",SH.IMM.MEAS,82,84,83,83,85,87,88,90,93,95,89,89,95,93,97,..
India,IND,Imports of goods and services (% of GDP),NE.IMP.GNFS.ZS,26.8542732486216,31.0834686939585,31.2592910673332,28.4132706461587,25.9542227389497,22.1097247094602,20.9242508026814,21.9507321152243,23.6891407335327,21.2411386333872,19.0756283996012,24.0239304534931,26.6577666392086,23.9681500915008,23.8527091324349,24.0051596190103
India,IND,Income share held by lowest 20%,SI.DST.FRST.20,..,9.7,..,..,..,..,..,..,..,..,..,..,10.4,..,..,..
India,IND,"Industry (including construction), value added (% of GDP)",NV.IND.TOTL.ZS,30.7250782285817,30.1616797630407,29.3985276965289,28.4048995600246,27.6564012026443,27.34739147794,26.6189999399789,26.5000166464804,26.4120919013735,24.5914753075066,25.1229058078344,26.466523606501,25.6040259797277,25.5525555206094,25.1722625905927,25.2049600095376
India,IND,"Inflation, GDP deflator (annual %)",NY.GDP.DEFL.KD.ZG,10.5260308557326,8.73357890528597,7.93438747794815,6.18650400086563,3.33175691698339,2.27958810853136,3.23797495083078,3.96925793347947,3.88424027199079,2.40551716106347,4.81485791893965,8.35490771482719,2.85360507817299,3.51112810294656,2.46685658180814,0.973566848768186
India,IND,"Life expectancy at birth, total (years)",SP.DYN.LE00.IN,67.162,67.623,68.076,68.499,68.932,69.326,69.709,70.068,70.415,70.746,70.156,67.282,71.698,72.003,72.235,..
India,IND,Merchandise trade (% of GDP),TG.VAL.TOTL.GD.ZS,34.4102804787358,42.0924401279578,43.0348994859193,42.0227264453611,38.5264969108603,31.4739334261127,27.287425911729,28.2546962843779,31.0493468667603,28.5793910253128,24.2859082425461,30.5789468347666,36.1193297314605,31.577197169054,30.8755009815831,30.3017862164399
India,IND,Military expenditure (% of GDP),MS.MIL.XPND.GD.ZS,2.88946327164641,2.70448222276966,2.61816634758562,2.5488248901417,2.54398176462257,2.45745006060163,2.54315152114541,2.53151136056791,2.42428452604417,2.5459982314359,2.80361581112679,2.46874153034185,2.38309809835882,2.35679426678262,2.2712033218142,..
India,IND,Mobile cellular subscriptions (per 100 people),IT.CEL.SETS.P2,60.4906435106584,70.8725652125021,67.6263517922249,68.3966708179098,71.9366825449914,75.379332347226,83.917838213735,85.9703537817688,85.5500756367908,82.898144918237,82.2540479927426,81.603974311212,80.1818007717416,80.5631998772888,79.3526921826412,..
India,IND,"Mortality rate, under-5 (per 1,000 live births)",SH.DYN.MORT,58.1,55,52,49.1,46.4,43.7,41.3,39,36.9,34.9,33,31.2,29.5,28,26.6,..
India,IND,Net barter terms of trade index (2015 = 100),TT.PRI.MRCH.XD.WD,91.4,88,88.1,90.4,91.7,100,105,100.4,95.6,97.9,103.1,91,81.4,87.5,91.3,..
India,IND,Net migration,SM.POP.NETM,-50905,-247017,-198935,-151372,-227263,-655085,81248,-251642,-589794,-978969,-73806,-348916,-1353478,-979179,-630830,-495753
India,IND,Net official development assistance and official aid received (current US$),DT.ODA.ALLD.CD,2561070068.35938,3270217529.29688,1681847900.39063,2456343505.85938,2991821289.0625,3174348388.67188,2679044677.73438,3198135253.90625,2461992431.64063,2551398681.64063,1795723022.46094,3136778564.45313,2818065917.96875,2376562011.71875,..,..
India,IND,"Personal remittances, received (current US$)",BX.TRF.PWKR.CD.DT,53479960083.2432,62499075444.7366,68820517837.6535,69970360846.7858,70388642796.547,68909693352.835,62744364089.9511,68967175499.8664,78790170928.6742,83332078002.3031,83149172934.1043,89375152217.5657,111221774722.087,119526055008.101,137674533895.686,150711596171.493
India,IND,Population density (people per sq. km of land area),EN.POP.DNST,418.231449722352,424.199245255096,430.068210238834,435.838110245225,441.370107863944,446.666542669658,452.020992940243,457.30592394028,462.351569862673,467.185182245332,471.755150192218,475.652042419085,479.425536881262,483.679010086809,..,..
India,IND,Population growth (annual %),SP.POP.GROW,1.45460361883041,1.41682761544376,1.37405616603306,1.33270430507476,1.26129027125347,1.19285563384335,1.19162966402099,1.1623961434697,1.09729906702925,1.04001395098104,0.973438646910149,0.822648220128724,0.790200540609834,0.883289539766135,0.890706546985984,0.887183543977214
India,IND,"Population, total",SP.POP.TOTL,1243481564,1261224954,1278674502,1295829511,1312277191,1328024498,1343944296,1359657400,1374659064,1389030312,1402617695,1414203896,1425423212,1438069596,1450935791,1463865525
India,IND,Poverty headcount ratio at $3.00 a day (2021 PPP) (% of population),SI.POV.DDAY,..,27.1,..,..,..,..,..,..,..,..,..,..,5.3,..,..,..
India,IND,Poverty headcount ratio at national poverty lines (% of population),SI.POV.NAHC,..,21.9,..,..,..,..,..,..,..,..,..,..,..,..,..,..
India,IND,"Prevalence of HIV, total (% of population ages 15-49)",SH.DYN.AIDS.ZS,..,..,..,..,..,..,..,..,..,..,..,..,..,..,0.2,..
India,IND,"Prevalence of underweight, weight for age (% of children under 5)",SH.STA.MALN.ZS,..,..,..,..,29.4,36.3,..,33.8,..,..,31.5,..,..,..,..,..
India,IND,"Primary completion rate, total (% of relevant age group)",SE.PRM.CMPT.ZS,..,95.8912340766036,..,96.9724810288294,99.0281030972801,99.9040031261847,99.3136774343373,98.5887118701809,..,96.2056732177734,98.1474685668945,99.085491664945,..,93.4889604461665,94.4876304742988,90.2563989745259
India,IND,"Revenue, excluding grants (% of GDP)",GC.REV.XGRT.GD.ZS,13.1835965373763,11.4959960090891,12.599872776486,12.6089934124693,11.550620644555,12.4152095425778,12.8510169890546,12.7267619005257,13.1885329486481,..,..,..,9.37969496475912,..,..,..
India,IND,"School enrollment, primary (% gross)",SE.PRM.ENRR,112.218696594238,109.707902683748,112.384407043457,106.095840129942,103.55659949185,104.221831829753,103.742722477923,101.886981326278,101.097955349788,99.5039235046054,101.291254076896,102.316124063995,111.084455602236,112.031231642927,120.520368565055,111.033783181676
India,IND,"School enrollment, primary and secondary (gross), gender parity index (GPI)",SE.ENR.PRSC.FM.ZS,0.989049971103668,0.998529970645905,1.00339996814728,1.03569304943085,1.03251755237579,1.03027153015137,1.03045177459717,1.08402001857758,1.01533448696136,1.01977431774139,1.00732743740082,0.991640269756317,..,..,..,..
India,IND,"School enrollment, secondary (% gross)",SE.SEC.ENRR,64.9475936889648,67.1251678466797,69.8089599609375,69.4771270751953,74.8887023925781,74.6113662719727,75.9372863769531,74.6743774414062,76.0025787353516,75.8716506958008,77.6271548412386,80.6246396728944,81.1778608399708,78.8639591218839,78.1058073224606,79.594985086469
India,IND,Surface area (sq. km),AG.SRF.TOTL.K2,3287260,3287260,3287260,3287260,3287260,3287260,3287260,3287260,3287260,3287260,3287260,3287260,3287260,3287260,..,..
India,IND,Tax revenue (% of GDP),GC.TAX.TOTL.GD.ZS,10.3880397905312,10.1773871997608,10.8367717209692,11.0016256942917,9.98465419071312,10.5697090519718,11.1477384183764,11.3874439798131,12.0174277483166,..,..,..,6.93372148022965,..,..,..
India,IND,Terrestrial and marine protected areas (% of total territorial area),ER.PTD.TOTL.ZS,..,..,..,3.4,3.5,3.5,3.5,3.5,3.5,3.5,3.5,4.4,4.4,4.4,4.5,4.5
India,IND,"Total debt service (% of exports of goods, services and primary income)",DT.TDS.DECT.EX.ZS,6.81923327447653,6.4138689129389,6.71426990966754,8.08000121217609,18.6296205367074,11.2063688175425,17.2634154874596,10.0846800379296,11.3976479343618,9.0023457004643,15.0538331069002,7.81076067172717,8.26658065989597,10.1619274745821,10.493447761841,..
India,IND,Urban population growth (annual %),SP.URB.GROW,2.71046640355998,2.60834363267832,2.37699314592326,2.33991754994745,2.25647131147126,2.17617533145353,2.16325487902533,2.12248866445848,2.0460160617663,1.97750804279549,1.89985832105548,1.73813803578169,1.69490092263281,1.7773369092557,1.77423382325139,1.7603200913122
India,IND,"Agriculture, forestry, and fishing, value added (% of GDP)",NV.AGR.TOTL.ZS,17.0265090136912,17.191973558015,16.8453770661356,17.1484235433697,16.7919345145039,16.1745081068401,16.3638005616331,16.5583314049368,16.031630686449,16.7555683032837,18.6685376603727,17.3725615260314,18.2106659929942,17.6565389328245,17.5735799524173,16.2342483910129
India,IND,"Inflation, consumer prices (annual %)",FP.CPI.TOTL.ZG,11.9893899204245,8.9117933648336,9.47899691419793,10.0178784746104,6.66565671867899,4.90697344127249,4.94821634062134,3.32817337461305,3.93882646691643,3.72950573539123,6.6234367762853,5.13140747176364,6.69903414079858,5.64914318907925,4.95303550973661,2.39884954182294
India,IND,"Unemployment, total (% of total labor force) (national estimate)",SL.UEM.TOTL.NE.ZS,3.115,..,3.222,..,..,..,..,..,7.652,6.51,7.859,6.38,4.822,4.172,4.173,4.506
India,IND,"Unemployment, total (% of total labor force) (modeled ILO estimate)",SL.UEM.TOTL.ZS,7.631,7.609,7.645,7.678,7.656,7.629,7.611,7.626,7.652,6.51,7.859,6.38,4.822,4.172,4.173,4.219
India,IND,Current account balance (% of GDP),BN.CAB.XOKA.GD.ZS,-3.25348368945179,-3.42928468606061,-5.00488971805303,-2.64566711733892,-1.33950896483453,-1.06754907167965,-0.52788060603752,-1.43948820320989,-2.42697545810527,-1.04961203910072,1.22362111042791,-1.05524166809383,-2.43238270956779,-0.912777939495827,-0.851289719084462,-0.416854153498652
India,IND,Real interest rate (%),FR.INR.RINR,-1.98385922190105,1.31798086277381,2.47352048879141,3.8659928626783,6.6951760905166,7.55648841350514,6.23271141480041,5.3276088624176,5.36166638952418,6.8948754272989,4.13599957785852,0.316945144201484,5.55501946152238,..,..,..
India,IND,"Foreign direct investment, net inflows (% of GDP)",BX.KLT.DINV.WD.GD.ZS,1.6350340943491,2.0020634629993,1.31293453035323,1.5162764665975,1.69565958990806,2.09211521443253,1.9373641224439,1.50731583255894,1.55821483801456,1.78482633957161,2.40620322673636,1.41217101040888,1.53665241748393,0.802254995836756,0.721648483526777,0.988285383995246
India,IND,"Central government debt, total (% of GDP)",GC.DOD.TOTL.GD.ZS,51.5919103003897,51.5565536600977,50.6780305618952,50.3118273627008,49.9009248748319,49.9647183856551,47.6337555915272,47.5836093800197,46.5224986659322,..,..,..,..,..,..,..
India,IND,Gross savings (% of GDP),NY.GNS.ICTR.ZS,36.3058750410672,35.1317930938104,35.261292320436,34.3046574869553,33.4660257489805,32.4539241111902,31.7264147403683,31.7067531706123,31.4104922311412,29.7022005792949,28.6796821131572,29.8661330649563,33.3708439169242,34.3807561586625,34.7497448494797,34.6967494989384
India,IND,GDP (constant 2015 US$),NY.GDP.MKTP.KD,1535897931719.55,1616399198833.97,1704596203504.08,1813453530765.84,1947834564909.58,2103588360044.94,2277267041549.85,2432016068498.23,2588974770244.48,2689205295885.26,2533830417086.36,2779348258938.28,2990839011962.06,3206485223026.3,3434122552914.77,3693970992045.56
India,IND,"Agriculture, forestry, and fishing, value added (annual % growth)",NV.AGR.TOTL.KD.ZG,8.79175828847853,6.39780625404553,1.48746049449993,5.57047565632264,-0.216448191356193,0.649599311968146,6.79755863075829,6.60592151908286,2.09646600304671,6.160309154232,4.00569391833636,4.6231556295693,6.26103611002335,2.6372399929441,4.17701728689246,2.42388035785608
India,IND,"Services, value added (% of GDP)",NV.SRV.TOTL.ZS,45.0337495625601,45.4421452512796,46.3011472980511,46.6987147692338,47.8224137556558,47.7837481204463,47.7494012900074,47.6708899682407,48.4315663156522,50.0849578546822,47.9326881092162,47.8472234596709,47.1727519374304,47.5864648020094,47.9706270733631,49.337715077834
India,IND,"Services, value added (annual % growth)",NV.SRV.TOTL.KD.ZG,7.83566598959592,5.8640083168499,8.33367714317205,7.65999507419657,9.81059309329602,9.43824094761794,8.46306384873803,6.34306289879166,7.17191387872754,6.42950757931671,-8.35157298549055,9.17549916633733,10.3270810086201,7.02481436883889,7.87443023335979,8.96761310387507
India,IND,Domestic credit to private sector (% of GDP),FS.AST.PRVT.GD.ZS,50.5553749785224,51.2892331325447,51.8885076473464,52.385709516972,51.8821873589628,51.8675240772049,38.2036507912231,38.1707138624147,38.8975254010362,38.73794497616,40.7867848551821,36.8920885102897,38.1859763563586,40.8940758962907,41.6079694330613,44.0250903358104
Indonesia,IDN,"Adolescent fertility rate (births per 1,000 women ages 15-19)",SP.ADO.TFRT,45.68,45.593,44.616,42.675,40.126,37.861,35.356,32.792,30.648,28.876,27.176,26.824,26.581,26.419,25.646,..
Indonesia,IDN,"Annual freshwater withdrawals, total (% of internal resources)",ER.H2O.FWTL.ZS,8.99703398226581,9.33563369990588,9.67423341754595,10.012833135186,10.3514328528261,10.6900325704661,11.0286322881062,11.0286322881062,11.0286322881062,11.0286322881062,11.0286322881062,11.0286322881062,11.0286322881062,..,..,..
Indonesia,IDN,Births attended by skilled health staff (% of total),SH.STA.BRTC.ZS,82.2,..,83.1,87.4,..,..,92.6,90.9,93.6,94.7,..,..,..,..,..,..
Indonesia,IDN,"Contraceptive prevalence, any method (% of married women ages 15-49)",SP.DYN.CONU.ZS,61,61.3,61.9,62,61.6,60,59.4,63.6,..,52.5,52.7,51.9,52.4,52.6,..,..
Indonesia,IDN,Domestic credit provided by financial sector (% of GDP),FS.AST.DOMS.GD.ZS,34.1824385106985,36.550140252786,40.7680328726522,43.4292637347276,43.4238447014359,46.7740662515086,47.9556737688495,46.9639357186983,47.2318282755401,47.12942183178,53.6943526286924,54.3146304560427,51.1292805485671,50.3702387000351,50.0955152935791,51.1929330259067
Indonesia,IDN,Electric power consumption (kWh per capita),EG.USE.ELEC.KH.PC,653.956636795692,697.550718236169,749.731325103698,793.500263571819,836.140971889168,857.649519078643,907.717733163991,951.049853781976,1065.26035758244,1107.15140125038,1119.6155596619,1210.58446671469,1330.98768392036,1445.21463483986,..,..
Indonesia,IDN,Energy use (kg of oil equivalent per capita),EG.USE.PCAP.KG.OE,674.428442918075,670.381187274325,685.571308766816,701.22584018312,710.040590892745,704.248178401597,724.416482652765,761.410391560642,832.361861659109,850.737725717128,856.09619536168,902.233603991512,958.649355730549,982.414925134717,..,..
Indonesia,IDN,Exports of goods and services (% of GDP),NE.EXP.GNFS.ZS,24.2990309366408,26.3273530888836,24.5943787881769,23.9235763793605,23.6659845969367,21.1601792598059,19.0889938536664,20.1773044351106,21.0027464972455,18.5915277970883,17.3311682848923,21.4165556390653,24.5029116862832,21.8085632197562,22.3096487702606,22.8465482987858
Indonesia,IDN,"External debt stocks, total (DOD, current US$)",DT.DOD.DECT.CD,198278352695.5,219629383247.4,252623033564.3,263643864629.2,292565412570.1,307849578357.8,319052612588.1,353688908559.2,379851596756.2,402379692152.7,417036407016.7,417845089193.8,395986001909.7,399613483613.1,421059208493.8,..
Indonesia,IDN,"Fertility rate, total (births per woman)",SP.DYN.TFRT.IN,2.462,2.515,2.514,2.441,2.393,2.346,2.311,2.253,2.219,2.205,2.189,2.166,2.149,2.127,2.115,..
Indonesia,IDN,"Foreign direct investment, net inflows (BoP, current US$)",BX.KLT.DINV.CD.WD,15292009410.5099,20564938226.7185,21200778607.8726,23281742361.5305,25120732059.5134,19779127976.9576,4541713739.23769,20510310832.4469,18909826043.5105,24993551748.0098,19175077747.8077,21213080329.8582,24702029705.0926,21543358781.3828,24275445280.2272,22283231891.8392
Indonesia,IDN,Forest area (sq. km),AG.LND.FRST.K2,996592,987329.4,978066.8,968804.2,959541.6,950279,952718,939498,933442.7,927387.3,921332,915276.633,909221.311,903165.959,..,..
Indonesia,IDN,GDP (current US$),NY.GDP.MKTP.CD,755094157621.936,892969104563.171,917869913332.649,912524136718.018,890814755533.537,860854232686.214,931877364037.698,1015618744159.73,1042271532988.63,1119099871350.2,1059054842698.48,1186509691086.73,1319101183380.15,1371166925749.88,1396301788461.69,1445642584163.81
Indonesia,IDN,GDP growth (annual %),NY.GDP.MKTP.KD.ZG,6.22385418062366,6.16978420771008,6.03005065305615,5.5572636889101,5.006668425755,4.87632230022123,5.03306918280177,5.06978590134916,5.17429153955024,5.01928768046282,-2.06551182934165,3.70288562827751,5.30719722664799,5.04883117855516,5.03257477088519,5.10808904438025
Indonesia,IDN,"GNI per capita, Atlas method (current US$)",NY.GNP.PCAP.CD,2490,2960,3520,3670,3570,3390,3370,3490,3810,4020,3850,4130,4520,4810,4920,5120
Indonesia,IDN,"GNI per capita, PPP (current international $)",NY.GNP.PCAP.PP.CD,8130,8690,9260,9570,9730,9690,9930,10350,11030,11620,11410,12410,13900,15020,16050,17190
Indonesia,IDN,"GNI, Atlas method (current US$)",NY.GNP.ATLS.CD,612253814941.647,737717017023.486,889278531388.681,939754625185.855,922995729806.387,886547498568.441,890493673493.167,934207963786.966,1028158608331.65,1096634205242.26,1059188261564.16,1142865991927.34,1261521639064.33,1351620603818.73,1393952150399.72,1463075840794.36
Indonesia,IDN,"GNI, PPP (current international $)",NY.GNP.MKTP.PP.CD,2002715927453.45,2167767372892.09,2340312301664.77,2448797153726.68,2518156676015.79,2538121217610.44,2628825069015.53,2766768816137.46,2978437369938.81,3166892074842.77,3134895515994.82,3434771286486.53,3874874456048.48,4223544080082.65,4548747409327.12,4911586186266
Indonesia,IDN,Gross capital formation (% of GDP),NE.GDI.TOTL.ZS,32.8801214533558,32.9843332593045,35.0715936108893,33.8313567879018,34.6003439149803,34.0627921803386,33.8587393039462,33.7105947957751,34.5705858319707,33.7801423773995,32.3434120537481,31.4488724858485,29.7453138212259,30.3426390629498,31.396316156558,30.6186915015727
Indonesia,IDN,High-technology exports (% of manufactured exports),TX.VAL.TECH.MF.ZS,12.3118145549136,10.8171407679199,10.871757163658,9.67606262852233,9.32850761968047,8.88987824359938,7.99860974921307,8.44632702628773,8.21299200751234,8.09206094724751,8.4247469855579,7.20127970144306,8.30819306709832,9.08308687782522,8.7110437578916,..
Indonesia,IDN,"Immunization, measles (% of children ages 12-23 months)",SH.IMM.MEAS,78,80,82,87,86,87,88,90,89,88,76,72,92,82,85,..
Indonesia,IDN,Imports of goods and services (% of GDP),NE.IMP.GNFS.ZS,22.4022429392329,23.8526600952268,24.9885195110858,24.7137962959288,24.414190988586,20.7774609817235,18.3323479486654,19.17819263535,22.0715624579547,19.0362497386225,15.6410071153504,18.7882026359018,20.9617585096621,19.6519133249671,20.5002891005614,20.5446587523346
Indonesia,IDN,Income share held by lowest 20%,SI.DST.FRST.20,8.1,7.5,7.7,7.4,7.4,7.4,7.4,7.4,7.4,7.6,7.6,7.6,7.8,7.9,8.1,8.3
Indonesia,IDN,"Industry (including construction), value added (% of GDP)",NV.IND.TOTL.ZS,42.7758663362749,43.9134234267133,43.5937444233376,42.6356774375889,41.9283421270033,40.0478624042506,39.3084439802081,39.3791548040237,39.7297374523848,38.9517679950779,38.2383937187942,39.8448191919686,41.4292641760979,40.2157519921814,39.3184354184745,38.7077414834802
Indonesia,IDN,"Inflation, GDP deflator (annual %)",NY.GDP.DEFL.KD.ZG,15.2642936576449,7.46594303367513,3.75387875323653,4.96599029131677,5.44317454935612,3.98024266013961,2.43892408688207,4.29267812199525,3.81832356943335,1.59848849984144,-0.401651435218994,6.00397322136207,9.56898756346934,1.53014176760928,0.8898087547351,2.36887198997495
Indonesia,IDN,"Life expectancy at birth, total (years)",SP.DYN.LE00.IN,68.364,68.629,68.862,69.064,69.292,69.52,69.733,69.953,70.08,70.349,68.817,67.452,70.925,71.146,71.288,..
Indonesia,IDN,Merchandise trade (% of GDP),TG.VAL.TOTL.GD.ZS,38.8616435497468,42.6591466662609,41.5879194268413,40.4571216414938,39.7918868988307,34.0430457181503,30.0622174988969,32.0726652469865,35.3873235837501,30.2885389121745,28.7924654801673,36.0465660932167,40.1353593394075,35.0608661113297,35.6917826875413,36.2998438029229
Indonesia,IDN,Military expenditure (% of GDP),MS.MIL.XPND.GD.ZS,0.617587091951932,0.653776702606807,0.711549473406383,0.918769839183066,0.777855178232831,0.882266734481239,0.792220213496852,0.865191376221992,0.718928190476345,0.728563743551525,0.886277728854897,0.741525844917975,0.76801260357697,0.821108120466812,0.779216788275608,..
Indonesia,IDN,Mobile cellular subscriptions (per 100 people),IT.CEL.SETS.P2,85.7838690956097,100.134519965107,111.581048999,122.424816798816,125.767185647597,129.468797674053,145.704251250337,162.782511760443,118.330216938024,125.244348145809,129.40362112725,132.199444256099,122.873012230307,125.238194847046,122.514946500491,..
Indonesia,IDN,"Mortality rate, under-5 (per 1,000 live births)",SH.DYN.MORT,32.6,31.2,29.9,28.6,27.3,26.1,25,23.8,22.8,21.8,20.8,19.9,19.1,18.4,17.7,..
Indonesia,IDN,Net barter terms of trade index (2015 = 100),TT.PRI.MRCH.XD.WD,108.3,111.7,102.8,100,100.8,100,105.1,108.1,103.7,98.5,102.2,115,125.1,108.4,110.2,..
Indonesia,IDN,Net migration,SM.POP.NETM,-57752,-40543,-28869,-27507,-27988,-28487,-28991,-29467,-29911,-30421,-18743,-11248,-37501,-37501,-38469,-39509
Indonesia,IDN,Net official development assistance and official aid received (current US$),DT.ODA.ALLD.CD,1212579956.05469,358105194.091797,69008773.8037109,69474822.9980469,-381941589.355469,-28457588.1958008,-108278182.983398,280185241.699219,962693420.410156,-693161743.164063,1211180786.13281,626984741.210938,667683776.855469,1155079467.77344,..,..
Indonesia,IDN,"Personal remittances, received (current US$)",BX.TRF.PWKR.CD.DT,6916051073.08896,6923970511.39839,7212196577.5592,7614419340.02844,8551164468.84294,9659168638.94442,8906655810.83855,8989529970.52679,11215344812.152,11666395059.1406,9650926141.69335,9402427088.85485,13089296495.3608,14466835209.7539,16038366972.4451,17601348404.982
Indonesia,IDN,Population density (people per sq. km of land area),EN.POP.DNST,131.186593584406,132.872174396105,134.591727167608,136.271572751061,137.882705314833,139.438934572699,140.945267664402,142.393583234045,143.781152680745,145.132688936836,146.371283592869,146.235107708626,147.330175215419,148.57692229227,..,..
Indonesia,IDN,Population growth (annual %),SP.POP.GROW,1.26054140134601,1.27668830646548,1.28583816632167,1.24038001568984,1.17536091203837,1.12233981761262,1.0744882002252,1.02232939771064,0.969743409524713,0.935604959235128,0.849801187379341,0.704601321926319,0.746050469653246,0.842666137328498,0.813871513351669,0.784708535785041
Indonesia,IDN,"Population, total",SP.POP.TOTL,246305322,249470032,252698525,255852467,258877399,261799249,264627418,267346658,269951846,272489381,274814866,276758053,278830529,281190067,283487931,285721236
Indonesia,IDN,Poverty headcount ratio at $3.00 a day (2021 PPP) (% of population),SI.POV.DDAY,34.1,31.2,26.6,27.2,25.7,21.6,18,14.8,12.5,10.9,9.8,8.6,7.9,6.7,5.4,4
Indonesia,IDN,Poverty headcount ratio at national poverty lines (% of population),SI.POV.NAHC,13.3,12.5,12,11.4,11.3,11.2,10.9,10.6,9.8,9.4,9.8,10.1,9.5,9.4,9,..
Indonesia,IDN,"Prevalence of HIV, total (% of population ages 15-49)",SH.DYN.AIDS.ZS,0.3,0.3,0.3,0.3,0.4,0.4,0.4,0.4,0.4,0.4,0.4,0.4,0.4,0.4,0.4,..
Indonesia,IDN,"Prevalence of underweight, weight for age (% of children under 5)",SH.STA.MALN.ZS,18.6,..,..,19.9,..,..,..,..,17.7,17.9,..,17,16.8,15.9,..,..
Indonesia,IDN,"Primary completion rate, total (% of relevant age group)",SE.PRM.CMPT.ZS,101.795042304754,100.776148719838,108.012121873384,107.015322001135,109.545206228873,108.896737190118,107.213433946707,104.773527897237,102.627469259879,102.856162733356,102.119707703437,103.366819034154,102.068055782043,99.9521715181012,..,..
Indonesia,IDN,"Revenue, excluding grants (% of GDP)",GC.REV.XGRT.GD.ZS,..,..,..,..,..,..,..,..,..,..,..,..,..,..,..,..
Indonesia,IDN,"School enrollment, primary (% gross)",SE.PRM.ENRR,113.010775075983,114.684137554242,115.201069565404,111.656675108204,109.659608599994,107.983525766989,105.922391949136,104.382521256166,103.299542869882,101.264685825869,100.951933675872,100.309665446849,98.7008730463611,98.1566275726904,100.036318150714,100.371428697375
Indonesia,IDN,"School enrollment, primary and secondary (gross), gender parity index (GPI)",SE.ENR.PRSC.FM.ZS,1.02081000804901,1.02225995063782,1.00821995735168,0.984489977359772,0.982280015945435,0.985639989376068,0.995899975299835,0.993650019168854,0.993399977684021,..,..,..,..,..,..,..
Indonesia,IDN,"School enrollment, secondary (% gross)",SE.SEC.ENRR,75.6519088745117,78.1330718994141,80.0926818847656,81.8896974781343,83.5559949258569,87.8423207929976,87.8191791728036,90.9455391241064,92.8120739600443,94.9467044891028,96.9345779132931,97.8441479813619,97.8167602714893,96.0002120295081,98.836444459078,97.1701841816
Indonesia,IDN,Surface area (sq. km),AG.SRF.TOTL.K2,1910930,1910930,1910930,1910930,1910931,1913580,1913580,1916820,1916862.2,1916906.77,1916906.77,1916906.77,1916906.77,1916906.77,..,..
Indonesia,IDN,Tax revenue (% of GDP),GC.TAX.TOTL.GD.ZS,..,..,..,..,..,..,..,..,..,..,..,..,..,..,..,..
Indonesia,IDN,Terrestrial and marine protected areas (% of total territorial area),ER.PTD.TOTL.ZS,..,..,..,6.1,5.1,5.1,5.1,5.1,5.3,5.3,5.3,5.3,5.3,5.3,5.2,5.2
Indonesia,IDN,"Total debt service (% of exports of goods, services and primary income)",DT.TDS.DECT.EX.ZS,18.7275439567904,14.4139991400971,17.4300331593941,19.9652408135031,29.917390542463,34.6071560879119,37.4796669814765,29.4361720648722,25.1358200297316,39.4859892619538,36.8192289177179,26.2187506302203,23.3261822398195,20.2824087016026,24.6905963826299,..
Indonesia,IDN,Urban population growth (annual %),SP.URB.GROW,2.64287044610157,2.53421908807298,2.61678137317138,2.54412753349937,2.45872531939777,2.39395586558881,2.27183339757092,2.20746225144714,2.14106407789818,2.09504868385799,1.81452799005677,1.76093756390187,1.82554396201775,1.92295881533904,1.89719567962498,1.87143284954533
Indonesia,IDN,"Agriculture, forestry, and fishing, value added (% of GDP)",NV.AGR.TOTL.ZS,13.929212707137,13.5122870743946,13.3739742350727,13.3566991621949,13.3367549992146,13.4926435578886,13.4787485470271,13.1566308462661,12.8084975586902,12.7126026577522,13.6984142796138,13.2801691376596,12.3996501634108,12.5294431866213,12.6097220294251,13.0995463199278
Indonesia,IDN,"Inflation, consumer prices (annual %)",FP.CPI.TOTL.ZG,5.13420639015885,5.35604849112582,4.2795142691943,6.41249457900391,6.39492882396559,6.36312061196646,3.52580452815451,3.80879857691949,3.19834755924996,3.03058460941661,1.91983527270793,1.56007882983334,4.20946463714784,3.66938654859761,2.18151273615189,1.9133344329508
Indonesia,IDN,"Unemployment, total (% of total labor force) (national estimate)",SL.UEM.TOTL.NE.ZS,5.614,5.153,4.468,4.336,4.049,4.514,4.301,3.783,4.387,3.59,4.255,3.827,3.462,3.308,..,..
Indonesia,IDN,"Unemployment, total (% of total labor force) (modeled ILO estimate)",SL.UEM.TOTL.ZS,5.614,5.153,4.468,4.336,4.049,4.514,4.301,3.783,4.387,3.59,4.255,3.827,3.462,3.308,3.301,3.237
Indonesia,IDN,Current account balance (% of GDP),BN.CAB.XOKA.GD.ZS,0.681277286848337,0.188703954012605,-2.66027359471414,-3.18996482895809,-3.08816907525921,-2.03504192745969,-1.81915089251384,-1.59465689989364,-2.93907291477017,-2.7056619813955,-0.418606247736126,0.295885914526078,1.00182875104005,-0.148899596516736,-0.614730078804115,-0.105263812011573
Indonesia,IDN,Real interest rate (%),FR.INR.RINR,-1.74609753559601,4.59437674883757,7.75018856489028,6.37493124212137,6.79211858069728,8.34991063469474,9.2244323441321,6.50156399609039,6.47124983937938,8.62940479031397,9.98592671987596,2.7532239499583,-0.957376340510307,7.2850532563888,7.83615232511325,5.99079693113722
Indonesia,IDN,"Foreign direct investment, net inflows (% of GDP)",BX.KLT.DINV.WD.GD.ZS,2.02517914569356,2.30298429381592,2.30978031853073,2.55135633401058,2.81997260412102,2.29761639380441,0.487372471368879,2.01948919812582,1.81428979349441,2.23336204282241,1.81058402027127,1.7878556314554,1.87264100861425,1.57116966408747,1.73855290316368,1.54140671670434
Indonesia,IDN,"Central government debt, total (% of GDP)",GC.DOD.TOTL.GD.ZS,..,..,..,..,..,..,..,..,..,..,..,..,..,..,..,..
Indonesia,IDN,Gross savings (% of GDP),NY.GNS.ICTR.ZS,32.7274229888351,33.2200730493007,31.9853697689232,31.1217666400168,30.6689094593309,30.1233564897489,29.9227683259243,30.8783634343379,31.6805227940956,30.9027135119119,29.2246087288697,32.9372955843682,37.0041185901717,35.8619339722029,34.6828714970206,35.043148493834
Indonesia,IDN,GDP (constant 2015 US$),NY.GDP.MKTP.KD,657835433773.518,698422460479.197,740537688618.414,781691320690.699,820828013230.588,860854232686.214,904181621780.388,950021694164.001,999178586309.021,1049330233997.45,1027656193885.38,1065709127396.86,1122268412650.2,1178929850175.16,1238260376381.51,1301511819008.36
Indonesia,IDN,"Agriculture, forestry, and fishing, value added (annual % growth)",NV.AGR.TOTL.KD.ZG,3.00567317304426,3.94695350383429,4.58651357694913,4.20428986473208,4.23867862915085,3.75474944615075,3.37272966448809,3.91593250123559,3.88415796649602,3.60650157238116,1.77198877347158,1.8711564555079,2.25484298466824,1.30577415574238,0.676776097272509,5.32629868511422
Indonesia,IDN,"Services, value added (% of GDP)",NV.SRV.TOTL.ZS,40.6659902908934,40.5846042111279,40.8733748934867,41.5165374799893,42.2421853142869,43.3090809246806,43.6417488094502,43.6140553296427,43.4048373057688,44.220745839176,44.4134399516292,42.8228206251521,41.7909255847112,42.8792527670573,43.7709161521491,43.941698402252
Indonesia,IDN,"Services, value added (annual % growth)",NV.SRV.TOTL.KD.ZG,8.41445195583989,8.4107801347705,6.81992113064037,6.39022304582355,6.01714186219515,5.45188053453838,5.66443301856891,5.65378085631927,5.82134323378074,6.39180522966942,-1.45356908216743,3.54476142823418,6.45380677532941,6.12754526976155,6.22953976575968,6.34531939964025
Indonesia,IDN,Domestic credit to private sector (% of GDP),FS.AST.PRVT.GD.ZS,27.2530411349395,30.0821993577662,33.4341714348422,36.0581396070456,36.4235451552096,39.1187982955119,39.4024246939414,38.7323495613041,38.8054496665639,38.3726939516609,38.6795390891453,36.9908270556254,35.2884329632689,36.0129512588691,36.3924067095141,36.2832983305564
Italy,ITA,"Adolescent fertility rate (births per 1,000 women ages 15-19)",SP.ADO.TFRT,6.854,6.583,6.412,5.891,5.593,5.137,4.766,4.376,4.064,3.68,3.295,3.016,2.988,2.852,2.871,..
Italy,ITA,"Annual freshwater withdrawals, total (% of internal resources)",ER.H2O.FWTL.ZS,18.4662751452055,18.5251930684931,18.5841109917808,18.6211111123288,18.6146971068493,18.6082831068493,18.5580334849315,18.5077838684932,18.4575342465753,18.5452054794521,18.5304109589041,18.4937643835616,18.5112328767123,..,..,..
Italy,ITA,Births attended by skilled health staff (% of total),SH.STA.BRTC.ZS,99.9,99.9,..,99.9,99.9,99.9,99.9,99.9,99.9,99.8,99.8,..,..,..,..,..
Italy,ITA,"Contraceptive prevalence, any method (% of married women ages 15-49)",SP.DYN.CONU.ZS,..,..,..,65.1,..,..,..,..,..,..,..,..,..,..,..,..
Italy,ITA,Domestic credit provided by financial sector (% of GDP),FS.AST.DOMS.GD.ZS,..,..,..,..,..,..,..,..,..,..,..,..,..,..,..,..
Italy,ITA,Electric power consumption (kWh per capita),EG.USE.ELEC.KH.PC,5443.93561106348,5455.30956726508,5339.31453521805,5152.52344519454,5041.25390970633,5141.22581411583,5124.17628393394,5248.5196722283,5271.10301261309,5260.0173104957,4969.24141417202,5290.22854904133,5215.69012140866,5047.46897034285,5136.67702163416,..
Italy,ITA,Energy use (kg of oil equivalent per capita),EG.USE.PCAP.KG.OE,2904.35856014464,2798.23628262725,2680.46208450702,2576.45615324387,2433.16257781775,2533.02354460955,2511.46353090755,2557.32535513975,2514.69811221783,2494.02659804115,2313.10006204514,2531.08698798735,2411.65172417311,2298.39093933589,2231.202099939,..
Italy,ITA,Exports of goods and services (% of GDP),NE.EXP.GNFS.ZS,24.9186514223879,26.5629866543354,27.9851870768453,28.177442406394,28.6224027363532,29.144111052532,28.7987488919157,30.1398859152774,30.8135072735991,30.9498739181942,28.7258551870199,31.1716088630092,35.0991400412578,33.3293695692309,32.3350686402627,32.2270197272539
Italy,ITA,"External debt stocks, total (DOD, current US$)",DT.DOD.DECT.CD,..,..,..,..,..,..,..,..,..,..,..,..,..,..,..,..
Italy,ITA,"Fertility rate, total (births per woman)",SP.DYN.TFRT.IN,1.44,1.42,1.42,1.39,1.38,1.36,1.36,1.34,1.31,1.27,1.24,1.25,1.24,1.21,1.18,..
Italy,ITA,"Foreign direct investment, net inflows (BoP, current US$)",BX.KLT.DINV.CD.WD,9930501390.90892,34465481829.5316,34901033.014976,19531411961.8184,17032744039.0433,13303439230.2377,25656663794.7916,8737024578.66007,44249715319.1483,35760550299.4852,-17050399620.8672,26253856510.101,61897757337.9736,42019753074.4717,28511444638.4023,882914835.91414
Italy,ITA,Forest area (sq. km),AG.LND.FRST.K2,90280.4,90818.48,91356.56,91894.64,92432.72,92970.8,93508.9,94047,94585.1,95123.2,95661.3,96199.4,96737.5,97275.6,..,..
Italy,ITA,GDP (current US$),NY.GDP.MKTP.CD,2144936254535,2306974020278.21,2097929495121.68,2153225581941.46,2173255507985.84,1845428048839.1,1887111188176.93,1970720904584.71,2099435266458.67,2019606796583.53,1907481094079.23,2179207773596.09,2104067630319.46,2316882296366.32,2383435562458.12,2551556954100.35
Italy,ITA,GDP growth (annual %),NY.GDP.MKTP.KD.ZG,1.52910573247101,0.695463154440176,-3.12523877282996,-1.81802510749792,-0.00138761730454462,0.885667635240807,1.23622108511661,1.60369995294101,0.826646712344115,0.429162533780342,-8.86822122185345,8.93106210800055,4.82117669913565,0.922796543670316,0.783039135276795,0.539583636778445
Italy,ITA,"GNI per capita, Atlas method (current US$)",NY.GNP.PCAP.CD,37720,37710,35970,35700,35370,33460,32400,31790,34270,35030,32600,36760,39060,38750,38640,42080
Italy,ITA,"GNI per capita, PPP (current international $)",NY.GNP.PCAP.PP.CD,34900,36300,36240,36400,36670,37130,40590,42370,44050,47030,45000,50380,57790,60050,62160,62870
Italy,ITA,"GNI, Atlas method (current US$)",NY.GNP.ATLS.CD,2256267887888.21,2263641855286.13,2164819559131.91,2152896384505.61,2133469340254.36,2015562613864.84,1947749931461.05,1907224935160.7,2052104941010.41,2092492077225.61,1937491460457.33,2174027538549.97,2304963826976.64,2285687486416.7,2278088226156.41,2479102475167.84
Italy,ITA,"GNI, PPP (current international $)",NY.GNP.MKTP.PP.CD,2087565623755.41,2178908034538.62,2181044921235.04,2195138878528.25,2211701440152.29,2236072446777.69,2440210322263.84,2542276723269.48,2637763186288.11,2809288457557.42,2674820968792.9,2979012594426.2,3410466268666.81,3542081472018.41,3664378355210.82,3704288722297.34
Italy,ITA,Gross capital formation (% of GDP),NE.GDI.TOTL.ZS,20.7969716146664,20.6773631014391,17.9698064515339,17.0062223799047,17.0766736026264,17.2813174853484,17.7118639941996,18.1694222906025,18.6608716078644,18.3641315277239,17.8986868297166,22.0011382315208,24.5977298322393,23.0712585224817,22.2691077219978,22.2496175569641
Italy,ITA,High-technology exports (% of manufactured exports),TX.VAL.TECH.MF.ZS,8.01620176122679,7.97152825700225,7.59501140176072,7.77207145281516,7.73691381710463,8.15204658018138,8.29074616964551,7.8052686500986,7.47655885813922,7.75802459594121,8.587243012964,7.77024565516253,9.15916231271025,9.9836968942283,12.2827088504022,..
Italy,ITA,"Immunization, measles (% of children ages 12-23 months)",SH.IMM.MEAS,91,90,90,90,87,85,87,92,93,94,92,94,94,95,95,..
Italy,ITA,Imports of goods and services (% of GDP),NE.IMP.GNFS.ZS,26.743460391446,27.9092282905933,26.8993081933752,25.8567422253559,25.83212719685,26.2915747622901,25.6333978099156,27.4431081122137,28.4614762392164,27.7443163412796,25.2136287172564,29.1303687572707,36.9173622620119,31.7734723749599,30.2575458513031,30.2962066318587
Italy,ITA,Income share held by lowest 20%,SI.DST.FRST.20,6.4,6.4,6.3,6.2,6.2,5.9,6.1,6,6.1,6.3,6.3,6.5,6.8,6.6,..,..
Italy,ITA,"Industry (including construction), value added (% of GDP)",NV.IND.TOTL.ZS,21.369080166955,21.2407342221272,20.7948320119101,20.6001539419293,20.1870844682284,20.2895283210976,20.6626457226581,20.7926142437946,20.9865490224579,21.0122984359559,20.9642039077686,22.5572771105288,23.2791441111799,23.667517226973,22.7249414086413,22.6402202928573
Italy,ITA,"Inflation, GDP deflator (annual %)",NY.GDP.DEFL.KD.ZG,0.597839702916559,1.72878370885738,1.70237982317502,1.12578403623358,0.902550708834269,0.782776477740896,1.24817184167345,0.709821715080693,1.07058151640653,1.04700690430435,1.57740278796771,1.28332187292641,3.45535917134771,6.26000409007918,1.96841034856486,1.99356072110362
Italy,ITA,"Life expectancy at birth, total (years)",SP.DYN.LE00.IN,82.0365853658537,82.1878048780488,82.2390243902439,82.690243902439,83.090243902439,82.5439024390244,83.2439024390244,82.9463414634147,83.3463414634146,83.4975609756098,82.1951219512195,82.6463414634146,82.7,83.3512195121951,83.9512195121951,..
Italy,ITA,Merchandise trade (% of GDP),TG.VAL.TOTL.GD.ZS,43.5607351045757,46.9032156621126,47.1849031295775,46.3358325466489,46.2067619895592,47.03022697341,46.0240501694577,48.7405394526129,50.1451993695338,50.14461239253,48.5802455854648,54.2883525992449,64.2974579574038,56.8264949007075,54.3277116610846,54.679202741603
Italy,ITA,Military expenditure (% of GDP),MS.MIL.XPND.GD.ZS,1.49431312454622,1.46829220552997,1.41946238544527,1.39167747666985,1.27633070266495,1.20247316488401,1.32773387933426,1.35122350161336,1.35443317948295,1.30611671363832,1.72984958969454,1.66286387777873,1.65164252620196,1.60646040928357,1.60924561245844,..
Italy,ITA,Mobile cellular subscriptions (per 100 people),IT.CEL.SETS.P2,155.684057564253,159.092737727414,160.558717223582,159.698153133449,148.21699121216,144.763979440074,142.127307324616,138.882433107903,138.264671531909,132.181234381376,129.49000571147,130.781488497698,131.673965640047,131.871674517747,132.575141676252,..
Italy,ITA,"Mortality rate, under-5 (per 1,000 live births)",SH.DYN.MORT,4,3.9,3.8,3.7,3.6,3.5,3.4,3.3,3.2,3.1,3,2.9,2.8,2.8,2.7,..
Italy,ITA,Net barter terms of trade index (2015 = 100),TT.PRI.MRCH.XD.WD,92.8,90.5,91.4,94.8,98.4,100,102.3,99.6,98.9,102.4,107.1,100.4,89.8,100.8,103.6,..
Italy,ITA,Net migration,SM.POP.NETM,274387,198544,252524,158090,52679,39389,84568,95147,83686,46634,85281,157327,231228,150189,95246,75448
Italy,ITA,Net official development assistance and official aid received (current US$),DT.ODA.ALLD.CD,..,..,..,..,..,..,..,..,..,..,..,..,..,..,..,..
Italy,ITA,"Personal remittances, received (current US$)",BX.TRF.PWKR.CD.DT,7975133246.32031,8731247318.34409,9166139341.3616,9436137008.11934,10099257246.1574,9607744314.54809,9512833703.54223,9742186171.70856,9899652023.34248,10458515879.0042,9888526922.0456,10103942878.0664,9822241664.74569,11889824393.6583,12142048872.1323,12836538929.7088
Italy,ITA,Population density (people per sq. km of land area),EN.POP.DNST,202.285308976795,202.986767799052,203.542723134878,203.949752805037,203.980505075782,203.672434549131,203.285640373599,202.903617635721,202.480812801385,201.980545589195,200.999100491348,199.965416259464,199.559268903016,199.459678073854,..,..
Italy,ITA,Population growth (annual %),SP.POP.GROW,0.442226157086815,0.346167211080488,0.273513088134657,0.199772918304074,0.0150772197985246,-0.151143561276007,-0.190090486385849,-0.188100912559894,-0.208594586223998,-0.247712826621699,-0.487095091717782,-0.515599998844444,-0.20230086688254,-0.0499178457490556,-0.0534387378437725,-0.0628633523365352
Italy,ITA,"Population, total",SP.POP.TOTL,59819407,60026841,60191247,60311613,60320707,60229605,60115223,60002252,59877221,59729081,59438851,59133173,59013667,58984216,58952704,58915656
Italy,ITA,Poverty headcount ratio at $3.00 a day (2021 PPP) (% of population),SI.POV.DDAY,1.4,1.3,1.4,1.6,1.4,2.1,1.8,1.5,1.7,1,0.9,0.9,0.7,0.9,..,..
Italy,ITA,Poverty headcount ratio at national poverty lines (% of population),SI.POV.NAHC,19.8,19.5,19.3,19.4,19.9,20.6,20.3,20.3,20.1,20,20.1,20.1,..,..,..,..
Italy,ITA,"Prevalence of HIV, total (% of population ages 15-49)",SH.DYN.AIDS.ZS,0.3,0.3,0.3,0.3,0.3,0.3,0.3,0.3,0.3,0.3,0.3,0.3,0.3,0.3,0.3,..
Italy,ITA,"Prevalence of underweight, weight for age (% of children under 5)",SH.STA.MALN.ZS,..,..,..,..,..,..,..,..,..,..,..,..,..,..,..,..
Italy,ITA,"Primary completion rate, total (% of relevant age group)",SE.PRM.CMPT.ZS,101.48210144043,100.934341430664,99.076301574707,99.5663299560547,99.3185272216797,98.9501266479492,98.4906234741211,99.5705108642578,98.8338165283203,98.369140625,98.7205963134766,97.7147903442383,97.1534576416016,97.3619613647461,..,..
Italy,ITA,"Revenue, excluding grants (% of GDP)",GC.REV.XGRT.GD.ZS,38.6830279180741,38.3677146733526,39.7540937173988,40.2052550832818,39.9331071826154,39.8182456242875,39.8892763245145,39.4241765372518,39.2904064273807,40.0859879467878,40.5950400712713,40.3368257842547,39.6180298954102,39.0716690240796,40.1403031891646,..
Italy,ITA,"School enrollment, primary (% gross)",SE.PRM.ENRR,100.804321289062,100.302833557129,100.028991699219,101.111892700195,100.752258300781,100.37190246582,99.8127670288086,102.803092956543,102.894989013672,102.959373474121,102.636672973633,101.089881896973,101.56453704834,103.566017150879,..,..
Italy,ITA,"School enrollment, primary and secondary (gross), gender parity index (GPI)",SE.ENR.PRSC.FM.ZS,0.989950001239777,0.987070024013519,0.989939987659454,0.993749976158142,0.994589984416962,0.996529996395111,1.00269997119904,0.984040021896362,0.978990018367767,0.983399987220764,0.990440011024475,..,..,..,..,..
Italy,ITA,"School enrollment, secondary (% gross)",SE.SEC.ENRR,101.401161193848,101.59642791748,100.449836730957,100.973121643066,101.121726989746,101.228088378906,100.742958068848,101.01001739502,101.526412963867,101.74178314209,101.836128234863,101.834869384766,101.353858947754,100.678756713867,..,..
Italy,ITA,Surface area (sq. km),AG.SRF.TOTL.K2,302069,302069,302069,302069,302069,302069,302069,302069,302069,302068,302068,302068,302070,302070,..,..
Italy,ITA,Tax revenue (% of GDP),GC.TAX.TOTL.GD.ZS,23.7379559387907,23.6907780327076,24.9107338882362,25.1831182980011,24.9693939747194,24.8391474255923,25.0831052252075,24.697204288008,24.2435864233351,24.6616145255819,24.8458109789517,24.8769150126615,24.6064132004012,24.7358481020881,25.6045418430039,..
Italy,ITA,Terrestrial and marine protected areas (% of total territorial area),ER.PTD.TOTL.ZS,..,..,..,11.2,11.3,11.3,13.3,13.3,13.4,13.3,14,14.5,14.5,14.5,14.6,14.8
Italy,ITA,"Total debt service (% of exports of goods, services and primary income)",DT.TDS.DECT.EX.ZS,..,..,..,..,..,..,..,..,..,..,..,..,..,..,..,..
Italy,ITA,Urban population growth (annual %),SP.URB.GROW,0.687264555295751,0.617189372806765,0.797524630948807,0.991441534324826,0.408726542292715,-0.109135645094824,-0.208876964050744,-0.301452905692446,-0.263380954690011,-0.211741561426262,-0.467315458844802,-0.569555707316573,-0.198376240638907,0.0280218946170541,0.0422886329405625,0.0464215817107874
Italy,ITA,"Agriculture, forestry, and fishing, value added (% of GDP)",NV.AGR.TOTL.ZS,1.76928173132246,1.84910093882918,1.90886941227517,2.05779366637333,1.90848213125891,1.99152552817849,1.84915248302101,1.89343264776643,1.85755612561626,1.81866879873849,1.9280162015612,1.83339290794707,1.89037175125669,1.8596431753596,2.00789616423237,2.06549575303668
Italy,ITA,"Inflation, consumer prices (annual %)",FP.CPI.TOTL.ZG,1.52551602118248,2.78063272879323,3.04136333226775,1.21999342274306,0.241047429826756,0.0387903996579733,-0.09401665691575,1.22653316645812,1.13748763600391,0.611246943765304,-0.13770757391651,1.87378325762481,8.20128991161718,5.62219442195901,0.982373023061417,1.5316682765282
Italy,ITA,"Unemployment, total (% of total labor force) (national estimate)",SL.UEM.TOTL.NE.ZS,8.363,8.359,10.655,12.149,12.683,11.896,11.688,11.211,10.538,9.884,9.192,9.497,8.069,7.627,6.499,6.1
Italy,ITA,"Unemployment, total (% of total labor force) (modeled ILO estimate)",SL.UEM.TOTL.ZS,8.363,8.359,10.655,12.149,12.683,11.896,11.688,11.211,10.538,9.884,9.192,9.497,8.069,7.627,6.5,6.391
Italy,ITA,Current account balance (% of GDP),BN.CAB.XOKA.GD.ZS,-3.24412215335914,-2.74163808728921,-0.215238993496647,1.03825599780866,1.70979552518119,1.23326652485505,2.46140246001819,2.47968309636806,2.57144669559437,3.23388196417885,3.9369545603398,2.03966459401319,-1.83039811478156,0.251900586596722,1.09768567168063,1.14685456424844
Italy,ITA,Real interest rate (%),FR.INR.RINR,3.41342018267074,2.82160353555801,3.46119744979934,3.97364793630999,3.92865782875133,3.3204815735536,2.22028189161628,2.27486413860821,1.5923708555414,1.53937572556579,0.739269290959431,0.733185661773553,-1.15112854557422,-1.28695914496663,3.22064007229539,2.03884181268656
Italy,ITA,"Foreign direct investment, net inflows (% of GDP)",BX.KLT.DINV.WD.GD.ZS,0.462974196548407,1.49396922230512,0.00166359418160293,0.907076904789878,0.783743281747353,0.720886367724088,1.35957350873308,0.44334154868577,2.10769610409512,1.77066894209208,-0.893869914296462,1.20474315612308,2.94181405797187,1.81363348239025,1.19623307999136,0.034602983660439
Italy,ITA,"Central government debt, total (% of GDP)",GC.DOD.TOTL.GD.ZS,..,..,..,..,..,..,..,..,..,..,..,..,..,..,..,..
Italy,ITA,Gross savings (% of GDP),NY.GNS.ICTR.ZS,17.5631647113545,17.9410944726436,17.765776868457,18.0406950985891,18.826407973646,18.5209663730829,20.1787269725474,20.6110559036563,21.1865535291719,21.501623631916,21.7029376275104,24.0053926143084,22.7835551869584,23.2978817401027,23.3176124640431,23.4323210040421
Italy,ITA,GDP (constant 2015 US$),NY.GDP.MKTP.KD,1909947188308.66,1923230167272.61,1863124632394.25,1829252558793.34,1829227175768.29,1845428048839.1,1868241619489.51,1898202609462.08,1913894038926.83,1922107755078.16,1751650987235.43,1908092024820.83,2000084512919.56,2018541223675.26,2034347191418.34,2045324195978.49
Italy,ITA,"Agriculture, forestry, and fishing, value added (annual % growth)",NV.AGR.TOTL.KD.ZG,0.247884162602759,0.774706203131714,-3.96429103152882,1.26706059829111,-2.132351209402,4.72973176227104,-0.328017647464335,-3.99844384888044,2.92494033950202,-2.00799699019187,-4.17061018946767,-0.27517151633171,2.65840327628895,-5.16759649426176,2.89734066545743,-0.143010812861021
Italy,ITA,"Services, value added (% of GDP)",NV.SRV.TOTL.ZS,66.4497865718155,66.2096070490808,66.4231181546189,66.5056088758581,66.7725633816902,66.682063975246,66.3771213146536,66.2798589618875,66.170569852449,66.0942211230759,66.7072551997983,64.8364560164046,64.5973224396351,64.3081181311219,64.6729437802698,64.5143614484488
Italy,ITA,"Services, value added (annual % growth)",NV.SRV.TOTL.KD.ZG,1.02790499412467,0.93494443162318,-2.12987265232269,-1.20785536409223,0.731563145295098,0.880120878424037,1.1266387881181,1.63086836150359,0.849654598988778,0.781473112075034,-7.53412940600828,7.02880228893741,5.57501572772372,0.713643716276252,0.503535046826457,0.290018430960501
Italy,ITA,Domestic credit to private sector (% of GDP),FS.AST.PRVT.GD.ZS,92.6676294931465,93.5718818734975,93.2686875516145,90.3656642019387,88.187471051349,86.9158529570859,84.4917347012215,80.4167170633531,76.4482228153834,73.4404069738438,82.6528242104143,76.0051221503914,69.5868608578087,63.1228344360625,60.3040047752275,..
Japan,JPN,"Adolescent fertility rate (births per 1,000 women ages 15-19)",SP.ADO.TFRT,4.603,4.477,4.332,4.361,4.325,4.04,3.75,3.404,3.076,2.772,2.503,2.088,1.821,1.737,1.631,..
Japan,JPN,"Annual freshwater withdrawals, total (% of internal resources)",ER.H2O.FWTL.ZS,18.8382724255814,18.7877076418605,18.7371428581395,18.686578072093,18.6360132883721,18.5854485046512,18.5348837209302,18.4418604651163,18.3953488372093,18.2325581395349,18.5348837209302,18.5348837209302,18.5348837209302,..,..,..
Japan,JPN,Births attended by skilled health staff (% of total),SH.STA.BRTC.ZS,99.8,99.8,99.8,..,99.8,99.9,99.8,99.9,99.9,99.9,99.9,99.8,..,..,..,..
Japan,JPN,"Contraceptive prevalence, any method (% of married women ages 15-49)",SP.DYN.CONU.ZS,..,..,..,..,54.7302981185498,39.8,..,..,..,..,..,58.3383869011522,..,..,..,..
Japan,JPN,Domestic credit provided by financial sector (% of GDP),FS.AST.DOMS.GD.ZS,308.91397178341,318.150344612904,324.705254749374,333.093578449502,338.685245191547,334.341835640603,339.575671807106,344.532496695386,342.894649685893,354.37839038329,383.125100167053,376.817027007048,369.253356895172,364.512956286433,356.198610589916,338.065419393504
Japan,JPN,Electric power consumption (kWh per capita),EG.USE.ELEC.KH.PC,8774.2796907941,8322.45977173343,8271.26280077412,8290.74502726666,8113.24208806059,8007.09448564979,8066.01561270421,8190.60107740289,8058.01547184393,7853.03988691731,7687.25893189504,7960.01209182637,7800.08060580129,7655.01641748312,7530.06014396198,..
Japan,JPN,Energy use (kg of oil equivalent per capita),EG.USE.PCAP.KG.OE,3900.21212768124,3620.18019068219,3536.70253450885,3567.33780517627,3445.81632921551,3400.59271053608,3370.8877963853,3391.05041453219,3343.05412833973,3261.62024942915,3046.85480668859,3196.03970960845,3129.65861717499,3039.14126131753,3005.89902824379,..
Japan,JPN,Exports of goods and services (% of GDP),NE.EXP.GNFS.ZS,14.7827379015469,14.6645262221087,14.2739154583775,15.6037090812555,17.1078627742157,17.0921099786159,15.7223961123124,17.2158253394418,17.9111434788682,17.0377974181499,15.1286902986314,17.4619853799579,20.647867347033,21.0593101343597,21.9799093698461,..
Japan,JPN,"External debt stocks, total (DOD, current US$)",DT.DOD.DECT.CD,..,..,..,..,..,..,..,..,..,..,..,..,..,..,..,..
Japan,JPN,"Fertility rate, total (births per woman)",SP.DYN.TFRT.IN,1.39,1.39,1.41,1.43,1.42,1.45,1.44,1.43,1.42,1.36,1.33,1.3,1.26,1.2,1.15,..
Japan,JPN,"Foreign direct investment, net inflows (BoP, current US$)",BX.KLT.DINV.CD.WD,7440979284.16285,-850717035.068238,546962692.190725,10648441636.2071,19752249424.087,5252218412.39171,40954181468.5533,18802251208.1068,25289367857.8518,39960544340.0141,62584719398.0912,35027163875.7213,48153832744.0586,20007989122.9042,18874093729.4008,45805721094.5082
Japan,JPN,Forest area (sq. km),AG.LND.FRST.K2,249660,249616,249572,249528,249484,249440,249400,249350,249350,249350,249350,249350,249350,249350,..,..
Japan,JPN,GDP (current US$),NY.GDP.MKTP.CD,5811578109447.07,6279422550218.7,6333803928787.76,5272297037396.96,4985763289560.81,4534438580494.94,5110357383254.44,5038231631660.71,5154293721629.56,5245755000479.03,5189197543645.38,5225933520753.1,4447976207314.78,4384854269961.93,4190008188358.57,4435162999976.94
Japan,JPN,GDP growth (annual %),NY.GDP.MKTP.KD.ZG,4.13645589222239,-0.20035785332982,1.64893452981225,1.99727653399265,0.905915486065865,1.79997735783475,0.704986495111257,1.62345062245441,0.834143845965585,-0.308496921143259,-4.28327942675573,3.56419531474475,1.33164750653741,0.720785304749811,-0.240084236041696,1.19311288444599
Japan,JPN,"GNI per capita, Atlas method (current US$)",NY.GNP.PCAP.CD,44290,47800,50540,49350,45180,40140,39220,39700,42720,42960,41880,45160,44300,40740,37170,38340
Japan,JPN,"GNI per capita, PPP (current international $)",NY.GNP.PCAP.PP.CD,36600,37540,39010,41210,41740,43330,42880,43880,44700,45420,45120,48120,52160,55760,57450,58920
Japan,JPN,"GNI, Atlas method (current US$)",NY.GNP.ATLS.CD,5672057962737.04,6109829140080.68,6450438139742.02,6289102272179.97,5750412699618.19,5104005248448.37,4983301544562.14,5040575811853.6,5417853515004.64,5439748205960.2,5288172679785.99,5675979382620.45,5543177979201.39,5072535195260.31,4608252615937.33,4730424836975.72
Japan,JPN,"GNI, PPP (current international $)",NY.GNP.MKTP.PP.CD,4687332836398.88,4798433298343.88,4979189821214.44,5252128934445.79,5312885690920,5509187220183.68,5448425069329.84,5571576673955.69,5668730147349.47,5751118100966.63,5696454572771.84,6047340036071.9,6526376410923.94,6942980283952.34,7122704722532.59,7268805177387.08
Japan,JPN,Gross capital formation (% of GDP),NE.GDI.TOTL.ZS,23.5722339532159,24.451572608163,24.9867673070268,25.3731148940256,26.3479533735846,26.5521482720668,26.2400385919687,26.6345672327421,27.1363524954164,27.3243645927693,26.8864795052794,27.3251613407145,28.3107762241995,27.7841122147677,27.6791711471936,..
Japan,JPN,High-technology exports (% of manufactured exports),TX.VAL.TECH.MF.ZS,19.1226872782363,18.392253763449,18.2382479591573,17.7587589107099,17.7805347199635,18.0454889300336,17.620423854837,17.5942774665502,17.2970528139362,17.0303844450023,18.6333487896777,18.0039913482614,18.2592615351902,17.1028060703212,17.5547415163067,..
Japan,JPN,"Immunization, measles (% of children ages 12-23 months)",SH.IMM.MEAS,94,94,96,95,98,96,96,97,97,96,98,95,98,94,95,..
Japan,JPN,Imports of goods and services (% of GDP),NE.IMP.GNFS.ZS,13.4572771845197,15.3068591337385,15.9003840894255,17.9876603648252,19.6564622476125,17.6355206100133,14.933883194543,16.4730083398364,17.8924314793812,17.320499861849,15.3905323905959,17.963407354096,24.212763673007,22.5357732459138,22.8730294879112,..
Japan,JPN,Income share held by lowest 20%,SI.DST.FRST.20,7.3,6.9,7.1,7.1,7.7,7.8,7.2,7.3,6.7,6.7,6.8,..,..,..,..,..
Japan,JPN,"Industry (including construction), value added (% of GDP)",NV.IND.TOTL.ZS,28.8406153923357,27.2220248951395,27.15018151792,27.1266358606582,28.0999841731293,29.3111606151366,29.3147155622977,29.4414450761698,29.4467134085972,29.1175822523162,28.9859809440754,28.4504840570129,27.0576060274173,27.6517978744645,26.7781043350478,..
Japan,JPN,"Inflation, GDP deflator (annual %)",NY.GDP.DEFL.KD.ZG,-1.89954665192971,-1.56653332931775,-0.79080486054049,-0.178007772161564,1.73355678464,2.07231814786138,0.585173227788843,0.0216801045433073,-0.119228874726346,0.782576522359648,1.22953979029026,-0.0442460376247027,0.635554490955357,4.56896444973532,3.20102026212403,3.42232881601323
Japan,JPN,"Life expectancy at birth, total (years)",SP.DYN.LE00.IN,82.8426829268293,82.5912195121951,83.0960975609756,83.3319512195122,83.5878048780488,83.7939024390244,83.9848780487805,84.099756097561,84.2109756097561,84.3563414634146,84.56,84.4456097560976,83.9963414634146,84.0412195121951,84.0363414634146,..
Japan,JPN,Merchandise trade (% of GDP),TG.VAL.TOTL.GD.ZS,25.1882186289547,26.7311840631196,26.5939871037717,29.3660047796626,30.1340218687427,28.0748758065887,24.5145281640203,27.2005159784263,28.8425743717608,27.1938167121746,24.6045556998215,29.1815422822339,37.0227924621508,34.3102622658669,34.6182378361469,33.6828657708356
Japan,JPN,Military expenditure (% of GDP),MS.MIL.XPND.GD.ZS,0.94903257605427,0.974823565427991,0.956761841659896,0.940538501428935,0.957800914762225,0.947283532698529,0.929516775505971,0.913229479099801,0.962497363778907,0.992231472747577,1.01676127140466,1.06384050244526,1.00994395391657,1.13954641785041,1.37139689580634,..
Japan,JPN,Mobile cellular subscriptions (per 100 people),IT.CEL.SETS.P2,96.1788512760143,103.641547955059,110.319058838317,115.787169243408,123.822099584501,126.150959704287,131.214861037498,135.985843116605,141.728728918149,147.209910756974,154.432206765516,159.516123485628,168.602943650636,178.432441299977,..,..
Japan,JPN,"Mortality rate, under-5 (per 1,000 live births)",SH.DYN.MORT,3.3,3.3,3.1,3,2.9,2.8,2.7,2.6,2.5,2.5,2.4,2.4,2.4,2.4,2.4,..
Japan,JPN,Net barter terms of trade index (2015 = 100),TT.PRI.MRCH.XD.WD,101.7,92.5,90.7,88.6,87.6,100,108.5,103,97.1,98.7,106.5,94.8,79.3,86.5,89.6,..
Japan,JPN,Net migration,SM.POP.NETM,131860,97720,67904,66449,58109,168896,314732,322564,320601,318190,42001,-34996,175003,175003,153357,140579
Japan,JPN,Net official development assistance and official aid received (current US$),DT.ODA.ALLD.CD,..,..,..,..,..,..,..,..,..,..,..,..,..,..,..,..
Japan,JPN,"Personal remittances, received (current US$)",BX.TRF.PWKR.CD.DT,1684468955.29358,2131729225.38911,2539577664.61312,2363853398.35664,3733912541.77726,3325097902.92664,3830448522.34687,4443028775.37985,4369453719.14417,4388723265.72254,4887784631.45567,5293894065.13756,5407997507.29794,4712286543.52078,4645434225.75653,4726839294.97551
Japan,JPN,Population density (people per sq. km of land area),EN.POP.DNST,351.358024691358,350.707818930041,350.148148148148,349.643347050754,349.179698216735,348.809327846365,348.631001371742,348.345679012346,347.903978052126,347.415637860082,346.395061728395,344.80546776406,343.278433470508,341.54455749932,..,..
Japan,JPN,Population growth (annual %),SP.POP.GROW,0.0179605415195644,-0.185226486410846,-0.159710675844347,-0.144271883387076,-0.132694222147042,-0.106124993746747,-0.0511374152133631,-0.081874296046114,-0.126880068088791,-0.140464977878172,-0.294194617750067,-0.459952415807642,-0.443851919148528,-0.487370782049143,-0.435651699326323,-0.492142838725375
Japan,JPN,"Population, total",SP.POP.TOTL,128070000,127833000,127629000,127445000,127276000,127141000,127076000,126972000,126811000,126633000,126261000,125681593,125124989,124516650,123975371,123366734
Japan,JPN,Poverty headcount ratio at $3.00 a day (2021 PPP) (% of population),SI.POV.DDAY,0.6,0.5,1.4,0.9,0.7,0.4,0.7,0.6,1,1.3,1.2,..,..,..,..,..
Japan,JPN,Poverty headcount ratio at national poverty lines (% of population),SI.POV.NAHC,..,..,..,..,..,..,..,..,..,..,..,..,..,..,..,..
Japan,JPN,"Prevalence of HIV, total (% of population ages 15-49)",SH.DYN.AIDS.ZS,..,..,..,..,..,..,..,..,..,..,..,..,..,..,..,..
Japan,JPN,"Prevalence of underweight, weight for age (% of children under 5)",SH.STA.MALN.ZS,3.4,..,..,..,..,..,..,..,..,..,..,..,..,..,..,..
Japan,JPN,"Primary completion rate, total (% of relevant age group)",SE.PRM.CMPT.ZS,..,..,..,..,..,..,..,..,..,..,..,..,..,..,..,..
Japan,JPN,"Revenue, excluding grants (% of GDP)",GC.REV.XGRT.GD.ZS,..,..,..,..,..,..,..,..,..,..,..,..,..,..,..,..
Japan,JPN,"School enrollment, primary (% gross)",SE.PRM.ENRR,..,..,..,100.464469909668,100.945281982422,101.250503540039,101.551628112793,101.437026977539,101.828887939453,101.936538696289,101.801902770996,101.774467468262,101.098106384277,101.125762939453,..,..
Japan,JPN,"School enrollment, primary and secondary (gross), gender parity index (GPI)",SE.ENR.PRSC.FM.ZS,..,..,..,1.00559997558594,1.00538003444672,1.0045599937439,1.00527000427246,1.00452995300293,1.00345003604889,1.0034099817276,..,..,..,..,..,..
Japan,JPN,"School enrollment, secondary (% gross)",SE.SEC.ENRR,..,..,..,101.049438476562,101.036422729492,101.724517822266,101.296928405762,100.260749816895,100.482200622559,100.660270690918,101.34056854248,101.744400024414,101.38200378418,101.537071228027,..,..
Japan,JPN,Surface area (sq. km),AG.SRF.TOTL.K2,377950,377955,377960,377962,377962,377971,377970,377970,377974,377974,377974,377974,377969.27,377969.27,..,..
Japan,JPN,Tax revenue (% of GDP),GC.TAX.TOTL.GD.ZS,..,..,..,..,..,..,..,..,..,..,..,..,..,..,..,..
Japan,JPN,Terrestrial and marine protected areas (% of total territorial area),ER.PTD.TOTL.ZS,..,..,..,1.9,2.1,2.1,10,10,10,10,10,15.2,15.2,15.2,15.1,15.1
Japan,JPN,"Total debt service (% of exports of goods, services and primary income)",DT.TDS.DECT.EX.ZS,..,..,..,..,..,..,..,..,..,..,..,..,..,..,..,..
Japan,JPN,Urban population growth (annual %),SP.URB.GROW,0.58203689705777,0.0795947552549695,0.0199174141186887,-0.00689837779075644,-0.019502069015407,0.00161347929189155,0.0592097666767839,0.0227308990769753,-0.0309237210224829,-0.054632242147625,-0.223815566100041,-0.358552905629428,-0.331208528628743,-0.373238085015692,-0.318996369716406,-0.372925170859314
Japan,JPN,"Agriculture, forestry, and fishing, value added (% of GDP)",NV.AGR.TOTL.ZS,1.11140166338783,1.10595400106158,1.13661659778411,1.07559314069116,0.991053653091654,1.0203205987902,1.10437494356716,1.10813828591854,1.01125619011391,0.981152004588712,1.00457628073053,0.938649382602401,0.848657019671377,0.825345395457711,0.958270395726444,..
Japan,JPN,"Inflation, consumer prices (annual %)",FP.CPI.TOTL.ZG,-0.728243207517779,-0.27245561610124,-0.0440645104432602,0.335037912184741,2.75922671353253,0.795279630579839,-0.127258844489754,0.484199796126385,0.989094598021848,0.46877615938395,-0.024995834027731,-0.233352779398264,2.49770278172255,3.26813365933163,2.73853681635241,3.17253034260248
Japan,JPN,"Unemployment, total (% of total labor force) (national estimate)",SL.UEM.TOTL.NE.ZS,5.102,4.55,4.358,4.038,3.589,3.385,3.132,2.822,2.467,2.351,2.809,2.808,2.614,2.586,2.5,2.5
Japan,JPN,"Unemployment, total (% of total labor force) (modeled ILO estimate)",SL.UEM.TOTL.ZS,5.102,4.55,4.358,4.038,3.589,3.385,3.132,2.822,2.467,2.351,2.809,2.808,2.614,2.6,2.5,2.451
Japan,JPN,Current account balance (% of GDP),BN.CAB.XOKA.GD.ZS,3.80082624691884,2.06383124200042,0.949145258884222,0.879664701194644,0.72910539728354,3.00967361767901,3.85588282294837,4.03254042163651,3.43924007536728,3.36672218972423,2.8911777788158,3.76057343034324,2.0281112293848,3.61127531871255,4.62202410018024,4.86496093471918
Japan,JPN,Real interest rate (%),FR.INR.RINR,3.56561041859023,3.11626736285417,2.21582773396187,1.48440011974468,-0.505624824522991,-0.9106139954435,0.456903097607028,0.972109141178608,..,..,..,..,..,..,..,..
Japan,JPN,"Foreign direct investment, net inflows (% of GDP)",BX.KLT.DINV.WD.GD.ZS,0.128037155210339,-0.0135476953217396,0.00863561136941304,0.201969683435447,0.396173028620197,0.115829519336403,0.801395644123668,0.37319148031924,0.490646618599307,0.761769170240795,1.20605775501323,0.67025659122188,1.08260095152642,0.456297698647986,0.450454817292247,1.03278551644542
Japan,JPN,"Central government debt, total (% of GDP)",GC.DOD.TOTL.GD.ZS,..,..,..,..,..,..,..,..,..,..,..,..,..,..,..,..
Japan,JPN,Gross savings (% of GDP),NY.GNS.ICTR.ZS,27.3250376618032,26.4765417956248,25.8689648374274,26.1985175657253,27.0705807856305,29.5062296371995,30.0504260277434,30.6225132962492,30.5434682630387,30.6240011045675,29.732609381488,31.013077665037,30.2224047860993,31.3839931639213,32.0592419328935,..
Japan,JPN,GDP (constant 2015 US$),NY.GDP.MKTP.KD,4266176556594.72,4257628936826.67,4327834450517.28,4414273272427.52,4454262857599.7,4534438580494.94,4566405760116.54,4640539102852.95,4679247874199.03,4664812538574.46,4465005582812.98,4624147102598.69,4685724442189.07,4719498455389.44,4708167683577.82,4764341438831.9
Japan,JPN,"Agriculture, forestry, and fishing, value added (annual % growth)",NV.AGR.TOTL.KD.ZG,-4.35077926247931,2.98640430723943,-1.82037009177073,-1.94095413218919,-6.4121262631524,-4.3232036511382,-9.38031733104522,0.0946863314663631,-7.57094757094757,1.78150152650569,-5.13677034512143,5.66285190708035,3.52643123119039,-3.981145400496,0.916819184783549,..
Japan,JPN,"Services, value added (% of GDP)",NV.SRV.TOTL.ZS,69.701371938191,71.1728811394774,71.1826871458956,71.1702169629463,70.1855454477301,69.215676593242,69.3208957452067,69.1059936048868,69.1196838814134,69.5171709470165,69.7820184437325,70.064497929455,71.1191098111371,70.7921491218815,71.4295377357598,..
Japan,JPN,"Services, value added (annual % growth)",NV.SRV.TOTL.KD.ZG,1.23407407529842,1.18014393140753,1.6696367625614,2.37251253487199,-0.17356853760819,1.78695307339156,0.960643986228774,1.31170194303172,0.217473026582084,0.0700099606659137,-4.1459442587991,3.52965244799937,2.45273756749769,1.66218981462517,0.883825058811354,..
Japan,JPN,Domestic credit to private sector (% of GDP),FS.AST.PRVT.GD.ZS,158.187641186844,157.598125880489,157.756791908458,160.852179939377,160.379549562716,159.181728459752,160.034919112629,165.066755851422,164.337775310176,172.484602282465,190.118294582821,188.29266863888,186.792764445788,186.110890163352,187.06798522924,187.406646977743
"Korea, Rep.",KOR,"Adolescent fertility rate (births per 1,000 women ages 15-19)",SP.ADO.TFRT,1.764,1.853,1.743,1.739,1.797,1.638,1.478,1.126,1.179,0.925,0.799,0.539,0.651,0.537,0.532,..
"Korea, Rep.",KOR,"Annual freshwater withdrawals, total (% of internal resources)",ER.H2O.FWTL.ZS,45.0223592906708,45.0223592906708,45.0223592906708,45.0223592906708,45.0223592906708,45.0223592906708,45.0223592906708,45.0223592906708,45.0223592906708,45.0223592906708,45.0223592906708,45.0223592906708,45.0223592906708,..,..,..
"Korea, Rep.",KOR,Births attended by skilled health staff (% of total),SH.STA.BRTC.ZS,..,..,99.8,..,..,100,..,..,..,..,..,..,..,..,..,..
"Korea, Rep.",KOR,"Contraceptive prevalence, any method (% of married women ages 15-49)",SP.DYN.CONU.ZS,..,..,77.1,..,..,79.6,..,..,82.3,..,..,84.22,..,..,..,..
"Korea, Rep.",KOR,Domestic credit provided by financial sector (% of GDP),FS.AST.DOMS.GD.ZS,..,..,..,..,..,..,..,..,..,..,..,..,..,..,..,..
"Korea, Rep.",KOR,Electric power consumption (kWh per capita),EG.USE.ELEC.KH.PC,9223.0892968075,10183.4048179215,10320.08998114,10314.0475441331,10272.6368646259,10429.080716285,10609.8069063993,10811.7667195054,11161.8174394609,10943.203861495,11104.6636697543,11726.219930218,11705.6305058105,11426.0699114852,11350.1625522103,..
"Korea, Rep.",KOR,Energy use (kg of oil equivalent per capita),EG.USE.PCAP.KG.OE,4920.34159542887,5114.96282558864,5122.94213308196,5108.23633855207,5136.98533019492,5239.00345362778,5390.84042635905,5467.82224967457,5531.77957372505,5334.67385872126,5195.91011087811,5513.62830573477,5411.97477731382,5336.92485966157,5438.79036783753,..
"Korea, Rep.",KOR,Exports of goods and services (% of GDP),NE.EXP.GNFS.ZS,45.2718606886955,51.2813207677942,52.0235312085188,49.2338591040691,45.7876203673052,40.9681314540182,38.1129875583911,38.8488899920532,39.4523497931837,37.0413266370488,34.6152001987888,39.3388192669479,45.294860984133,41.3214807367697,44.3582383593234,45.7630385215931
"Korea, Rep.",KOR,"External debt stocks, total (DOD, current US$)",DT.DOD.DECT.CD,..,..,..,..,..,..,..,..,..,..,..,..,..,..,..,..
"Korea, Rep.",KOR,"Fertility rate, total (births per woman)",SP.DYN.TFRT.IN,1.226,1.244,1.297,1.187,1.205,1.239,1.172,1.052,0.977,0.918,0.837,0.808,0.778,0.721,0.748,..
"Korea, Rep.",KOR,"Foreign direct investment, net inflows (BoP, current US$)",BX.KLT.DINV.CD.WD,9497400000,9773000000,9495900000,12766600000,9273600000,4104100000,12104300000,17912900000,12182600000,9634300000,8764900000,22060400000,25044700000,19042300000,12862500000,15804100000
"Korea, Rep.",KOR,Forest area (sq. km),AG.LND.FRST.K2,63870,63770,63670,63570,63470,63370,63250,63170,63070,62970,62870,62770,62670,62570,..,..
"Korea, Rep.",KOR,GDP (current US$),NY.GDP.MKTP.CD,1192830015737.68,1307103477219.1,1335343586437.67,1434669686501.84,1556252422020.44,1539212301135.55,1579150518945.44,1710196756713.17,1824251454306.83,1751045752054.63,1744070276373.34,1942313560965.9,1799363116866.52,1844800934391.54,1875388209406.8,1872374961553.15
"Korea, Rep.",KOR,GDP growth (annual %),NY.GDP.MKTP.KD.ZG,6.98166138853071,3.6880320602952,2.54766550568242,3.2913959543442,3.21468019683108,2.92029267301234,3.17152748983935,3.433191763972,3.17611568177327,2.31380210595475,-0.700242317542106,4.61296795454287,2.72756456708991,1.58301467403629,2.00361101838986,1.00701840291242
"Korea, Rep.",KOR,"GNI per capita, Atlas method (current US$)",NY.GNP.PCAP.CD,23250,24590,26780,28210,29480,30130,30850,31940,34610,35790,35000,37450,38590,38020,36750,37880
"Korea, Rep.",KOR,"GNI per capita, PPP (current international $)",NY.GNP.PCAP.PP.CD,33170,34150,35410,36060,37200,39910,41820,43320,45680,46890,48280,52260,56180,58260,61930,64210
"Korea, Rep.",KOR,"GNI, Atlas method (current US$)",NY.GNP.ATLS.CD,1152191092425.99,1228131572418.56,1344559927854.8,1422595366209.28,1495947311777.67,1536861570922.6,1580316759205.39,1640695299096.32,1785538516343.22,1852602882952.89,1814189879629.08,1938561679121.76,1993924290011.27,1965948017428.56,1902094957747.04,1958041571060.75
"Korea, Rep.",KOR,"GNI, PPP (current international $)",NY.GNP.MKTP.PP.CD,1643600271106.33,1705122447967.69,1777721878529.6,1818591284994.7,1887934894422.04,2036146853070.17,2141790582760.39,2225144832612.14,2356598322355.61,2427242486630.21,2502426460819.8,2705643708542.36,2902939746809.45,3012598235210.35,3205074833007.56,3318637572220.65
"Korea, Rep.",KOR,Gross capital formation (% of GDP),NE.GDI.TOTL.ZS,32.7792421992313,33.2613430738444,31.2149587741292,29.8990183063853,29.7893883422049,29.3122032932439,29.9823963274728,31.9652912711332,31.2486531343572,31.1955884616555,31.5248657192138,32.4929253527445,33.3254869272348,31.8912200894147,29.9738499299961,29.1311226726896
"Korea, Rep.",KOR,High-technology exports (% of manufactured exports),TX.VAL.TECH.MF.ZS,32.1343974843399,28.2133210437189,28.2220757644767,29.8181999078998,30.0608682657817,31.2119270912605,30.5250266717443,32.546316460744,36.3912233579129,32.4050621736765,35.6022265413283,36.014503674486,36.118278931217,30.2762799912651,36.2582559366674,..
"Korea, Rep.",KOR,"Immunization, measles (% of children ages 12-23 months)",SH.IMM.MEAS,98,99,99,99,99,98,98,97,98,98,98,98,97,97,97,..
"Korea, Rep.",KOR,Imports of goods and services (% of GDP),NE.IMP.GNFS.ZS,42.7560070236169,50.3992956943359,49.4937408705314,44.9336644815181,41.1466374298986,34.4200460024725,31.7867345733008,34.3432508343484,35.2551664208987,34.4057366033023,30.9297576618322,35.9674854941434,45.2902865437219,40.9365283348931,40.2842567598803,40.5985621226499
"Korea, Rep.",KOR,Income share held by lowest 20%,SI.DST.FRST.20,7.3,..,7.3,..,7.5,..,6.5,6.6,7,7.2,7.5,7.4,..,..,..,..
"Korea, Rep.",KOR,"Industry (including construction), value added (% of GDP)",NV.IND.TOTL.ZS,34.4083287071276,34.8688946576209,34.7007966708538,35.1987111905484,35.0245177739824,35.113231110723,35.226493712639,35.6298842658067,34.9767074768513,33.6464921028153,33.3563261777639,33.152604676808,32.5112580507246,32.5234690063974,33.9025438024037,34.3300820555343
"Korea, Rep.",KOR,"Inflation, GDP deflator (annual %)",NY.GDP.DEFL.KD.ZG,2.71891067295891,1.27525816333896,1.29208290653879,1.07703832086861,1.05128607800876,3.22846300743112,2.0624563522338,2.01882021582307,0.566582073981039,-0.624210765169693,1.58718957511546,3.1805178629799,1.80785031900311,2.03849717899953,4.06639736475807,3.12619088762689
"Korea, Rep.",KOR,"Life expectancy at birth, total (years)",SP.DYN.LE00.IN,80.1170731707317,80.5682926829269,80.819512195122,81.2707317073171,81.7219512195122,82.0243902439024,82.2756097560976,82.6268292682927,82.6268292682927,83.2268292682927,83.4268292682927,83.5268292682927,82.6804878048781,83.4292682926829,83.6292682926829,..
"Korea, Rep.",KOR,Merchandise trade (% of GDP),TG.VAL.TOTL.GD.ZS,74.7462746775877,82.5969036741403,79.9386023823032,74.9451954074323,70.5961953507289,62.5811006895775,57.0951906853125,61.5234472799593,62.4947836718703,59.7115180327613,56.1979074626573,64.8449882301012,78.6364345660289,69.1021983041469,70.1388647642219,71.6322866701575
"Korea, Rep.",KOR,Military expenditure (% of GDP),MS.MIL.XPND.GD.ZS,2.36122792330691,2.37114288990647,2.39205949733254,2.39128707318548,2.41327231110109,2.3763712275445,2.3357998421426,2.29813107276094,2.36150967895845,2.51931997944066,2.64297706902012,2.61904941244001,2.57642560395009,2.59925771052554,2.56205259386748,..
"Korea, Rep.",KOR,Mobile cellular subscriptions (per 100 people),IT.CEL.SETS.P2,104.09665032935,106.878306781378,108.114681779859,109.206248930023,113.358579550833,115.595447050042,119.489512998783,123.642066127533,128.494634504197,133.079790493891,135.973274343048,140.516382791931,148.68360770138,162.11365652794,172.520241179065,..
"Korea, Rep.",KOR,"Mortality rate, under-5 (per 1,000 live births)",SH.DYN.MORT,4.1,4,3.8,3.7,3.6,3.5,3.4,3.3,3.2,3.1,3.1,3,2.9,2.9,2.8,..
"Korea, Rep.",KOR,Net barter terms of trade index (2015 = 100),TT.PRI.MRCH.XD.WD,96.3,86.5,85,87.8,89.3,100,101,100.6,95.4,91.5,94.9,92.3,85.5,85.4,88.3,..
"Korea, Rep.",KOR,Net migration,SM.POP.NETM,52042,269958,281866,301926,308037,276427,91568,104029,118220,128622,112631,-16778,87800,87800,75963,65731
"Korea, Rep.",KOR,Net official development assistance and official aid received (current US$),DT.ODA.ALLD.CD,..,..,..,..,..,..,..,..,..,..,..,..,..,..,..,..
"Korea, Rep.",KOR,"Personal remittances, received (current US$)",BX.TRF.PWKR.CD.DT,5853700000,6602200000,6589100000,6475400000,6573500000,6463900000,6523600000,6526400000,7125100000,7166100000,7508300000,7789300000,7861000000,7106500000,7283000000,7070900000
"Korea, Rep.",KOR,Population density (people per sq. km of land area),EN.POP.DNST,509.815967078189,513.804280275749,515.875583187751,517.612269825303,520.852499230217,523.525547744882,525.370072521002,526.734806686494,528.969011484824,530.377274590164,531.109006147541,530.425604508197,529.43205942623,529.842407786885,..,..
"Korea, Rep.",KOR,Population growth (annual %),SP.POP.GROW,0.49822508440111,0.768971758582589,0.525713660600414,0.455218622164662,0.628149861433639,0.527288497407793,0.396851823381145,0.280968018301691,0.433519027613049,0.347874968577526,0.137869266247028,-0.128757315474928,-0.187486566698935,0.077477253324535,0.0743178674548815,-0.128584337535563
"Korea, Rep.",KOR,"Population, total",SP.POP.TOTL,49554112,49936638,50199853,50428893,50746659,51014947,51217803,51361911,51585058,51764822,51836239,51769539,51672569,51712619,51751065,51684564
"Korea, Rep.",KOR,Poverty headcount ratio at $3.00 a day (2021 PPP) (% of population),SI.POV.DDAY,0.5,..,0.5,..,0.3,..,0.2,0.2,0.2,0.2,0.1,0.1,..,..,..,..
"Korea, Rep.",KOR,Poverty headcount ratio at national poverty lines (% of population),SI.POV.NAHC,..,..,..,..,..,..,..,..,..,..,..,..,..,..,..,..
"Korea, Rep.",KOR,"Prevalence of HIV, total (% of population ages 15-49)",SH.DYN.AIDS.ZS,..,..,..,..,..,..,..,..,..,..,..,..,..,..,..,..
"Korea, Rep.",KOR,"Prevalence of underweight, weight for age (% of children under 5)",SH.STA.MALN.ZS,..,0.8,..,..,1,..,..,0.9,..,..,0.4,..,..,..,..,..
"Korea, Rep.",KOR,"Primary completion rate, total (% of relevant age group)",SE.PRM.CMPT.ZS,101.454292297363,97.619873046875,102.071601867676,104.404968261719,98.2270202636719,100.521743774414,103.802207946777,97.8568572998047,96.7625503540039,99.9055786132812,101.201568603516,98.4509506225586,96.0156021118164,98.2711029052734,102.850738525391,..
"Korea, Rep.",KOR,"Revenue, excluding grants (% of GDP)",GC.REV.XGRT.GD.ZS,19.2669365886743,19.840430558129,25.5086081431188,24.9494763702353,23.8361453515722,23.6343458597577,24.4609578600766,24.8507535910186,25.9611385420606,26.2939664582305,26.3065329311566,28.0245804485222,29.7729228756878,27.3522982777032,25.7690025538074,..
"Korea, Rep.",KOR,"School enrollment, primary (% gross)",SE.PRM.ENRR,100.80436706543,100.998878479004,101.147590637207,100.268768310547,99.4568099975586,100.062088012695,99.7160110473633,98.6247100830078,98.6656723022461,99.6388168334961,99.217903137207,98.6079330444336,99.0050201416016,100.301467895508,100.866508483887,..
"Korea, Rep.",KOR,"School enrollment, primary and secondary (gross), gender parity index (GPI)",SE.ENR.PRSC.FM.ZS,0.997699975967407,0.996860027313232,0.997269988059998,0.997399985790253,0.996720016002655,0.995540022850037,0.99481999874115,0.995310008525848,0.995530009269714,0.9964200258255,0.9964200258255,..,..,..,..,..
"Korea, Rep.",KOR,"School enrollment, secondary (% gross)",SE.SEC.ENRR,97.2930603027344,97.5294189453125,97.3674163818359,97.8287506103516,98.5806732177734,98.5931930541992,98.7179565429688,99.105583190918,99.3186569213867,98.3813018798828,97.0888214111328,98.0692291259766,97.8181304931641,96.2983932495117,96.2539901733398,..
"Korea, Rep.",KOR,Surface area (sq. km),AG.SRF.TOTL.K2,100030,100030,100150,100266,100280,100295,100339,100360,100380,100400,100410,100430,100440,100450,..,..
"Korea, Rep.",KOR,Tax revenue (% of GDP),GC.TAX.TOTL.GD.ZS,12.8831803193742,13.2807181068078,13.4735488568588,13.022218187832,12.6305683354976,12.5326128931493,13.2783116833452,13.7554597684846,14.6942816823529,14.3348126134581,14.0112224960532,15.6673866200663,17.1586747410902,14.5990997893708,13.2937188380388,..
"Korea, Rep.",KOR,Terrestrial and marine protected areas (% of total territorial area),ER.PTD.TOTL.ZS,..,..,..,2.3,2.6,2.6,3.9,3.9,4,5.5,5.8,5.9,5.9,5.9,5.8,5.9
"Korea, Rep.",KOR,"Total debt service (% of exports of goods, services and primary income)",DT.TDS.DECT.EX.ZS,..,..,..,..,..,..,..,..,..,..,..,..,..,..,..,..
"Korea, Rep.",KOR,Urban population growth (annual %),SP.URB.GROW,0.551921053997371,0.760472360007677,0.461331912487395,0.355238392479359,0.511530789177755,0.414564878860474,0.294442177400004,0.176819783376,0.324614738582841,0.23446131824481,-0.00264977014803655,-0.1463834679225,-0.186448252283125,0.080015675146798,0.0788732751905413,-0.121469940385914
"Korea, Rep.",KOR,"Agriculture, forestry, and fishing, value added (% of GDP)",NV.AGR.TOTL.ZS,2.0444228836758,2.10765665250747,2.08215187594443,1.99508166521127,1.95176665660859,1.89858430952633,1.73945648142804,1.71494254133381,1.59932774432361,1.50689433955588,1.57795135359259,1.66515978191584,1.4483461547482,1.44773871445502,1.45825105459538,1.46427275259293
"Korea, Rep.",KOR,"Inflation, consumer prices (annual %)",FP.CPI.TOTL.ZG,2.93928652655686,4.0259650043609,2.18707104433314,1.30134754547413,1.27477446401322,0.70633177245575,0.971685739912168,1.94433230786366,1.47583935002645,0.383000303608136,0.537288023411737,2.49833333333339,5.08951365062842,3.5974562502901,2.32174328643542,2.12309421458659
"Korea, Rep.",KOR,"Unemployment, total (% of total labor force) (national estimate)",SL.UEM.TOTL.NE.ZS,3.324,2.992,2.812,3.067,3.082,3.546,3.65,3.653,3.824,3.746,3.931,3.639,2.857,2.675,2.784,2.789
"Korea, Rep.",KOR,"Unemployment, total (% of total labor force) (modeled ILO estimate)",SL.UEM.TOTL.ZS,3.324,2.992,2.812,3.067,3.082,3.546,3.65,3.653,3.824,3.746,3.931,3.639,2.857,2.675,2.784,2.683
"Korea, Rep.",KOR,Current account balance (% of GDP),BN.CAB.XOKA.GD.ZS,2.34320897623578,1.27290610804572,3.65378622367594,5.38513504027402,5.33522703805369,6.82937629347486,6.20103649558332,4.39896168114518,4.24648147146115,3.40802631398853,4.38648608581777,4.31851487245382,1.29147917850335,1.76334472698699,5.33081628105267,6.57207036660681
"Korea, Rep.",KOR,Real interest rate (%),FR.INR.RINR,2.71883334374472,4.42580144247274,4.05140294190715,3.52829393471496,3.17863075274962,0.295335527644416,1.27867160404439,1.42899755923416,3.07847583379285,4.09560933285802,1.19550220518032,-0.287216232726007,2.44052857732634,3.08772627466291,0.634469260614762,1.03398477457102
"Korea, Rep.",KOR,"Foreign direct investment, net inflows (% of GDP)",BX.KLT.DINV.WD.GD.ZS,0.796207328344812,0.747683727442323,0.711120351080011,0.889863368558993,0.595893048504325,0.266636382581676,0.766507046338007,1.04741749331971,0.66781363782051,0.550202642546341,0.502554290313687,1.13577953855347,1.39186469730544,1.03221435142435,0.685857996519477,0.844067044503223
"Korea, Rep.",KOR,"Central government debt, total (% of GDP)",GC.DOD.TOTL.GD.ZS,..,..,31.0184112293818,33.3707589515616,34.8171173128439,35.7105611200011,36.1498684786294,35.4459831845843,35.5200546750178,37.6954834097738,43.775799174588,45.8328934501884,47.6110651856141,48.5543799702909,47.8141426119509,..
"Korea, Rep.",KOR,Gross savings (% of GDP),NY.GNS.ICTR.ZS,34.9926210564103,34.3761288710455,34.336867195596,34.5161248108137,34.5717402109559,35.8343334005639,36.2906518682135,36.4505350479154,35.3783014506542,34.2941170155552,35.7761638265864,36.6043931161577,34.3078343934928,33.3597970548711,35.0305415292226,35.5988152959013
"Korea, Rep.",KOR,GDP (constant 2015 US$),NY.GDP.MKTP.KD,1319281537670.41,1367937063745.25,1402787524457.73,1448958816285.78,1495538208413.16,1539212301135.55,1588028842393.05,1642548917819.59,1694718171579.25,1733930596323.25,1721788880530.99,1801214449834.76,1850343736945.76,1879634949821.72,1917295522781.86,1936603041534.49
"Korea, Rep.",KOR,"Agriculture, forestry, and fishing, value added (annual % growth)",NV.AGR.TOTL.KD.ZG,-3.63358084645459,-1.03534441323021,-0.494731412126342,4.20975404195202,5.10299965962547,-0.253819751992907,-6.57725682159378,1.24932795898545,-0.774495624393097,2.91490626117962,-6.68512953695351,3.43856213979608,0.797059392532404,-1.84962632469447,0.640495308349315,1.445319973216
"Korea, Rep.",KOR,"Services, value added (% of GDP)",NV.SRV.TOTL.ZS,54.8789736739052,54.6912359976241,54.980397416291,54.9344398143733,55.1954830462876,55.1116628446164,54.9765180712598,54.5655362570163,55.3852876556229,56.9367708221081,56.9193572011009,56.9003312416072,58.0714839153337,58.8846232184384,57.5005082410932,57.2276281692036
"Korea, Rep.",KOR,"Services, value added (annual % growth)",NV.SRV.TOTL.KD.ZG,5.06242898633093,3.82989486938699,3.40609121259673,3.52359690450366,3.01238428920318,3.12921428091273,3.4053937048849,2.82888984403087,4.18971904088889,3.79629493230158,-0.426935058059073,4.34743422569814,3.80069347111147,2.68114319250638,1.61957344361836,1.74182797654252
"Korea, Rep.",KOR,Domestic credit to private sector (% of GDP),FS.AST.PRVT.GD.ZS,124.679568065827,127.08181388669,125.135860183943,122.756788077341,125.488630227146,125.858810840683,128.040688171137,129.53913562367,133.504139589217,142.652478447088,154.747902042613,159.926120236306,162.769501736717,163.515631501207,160.347182678236,..
Mexico,MEX,"Adolescent fertility rate (births per 1,000 women ages 15-19)",SP.ADO.TFRT,76.733,77.654,78.298,77.805,74.356,69.335,66.136,64.486,63.447,63.359,62.577,62.033,61.111,60.099,59.316,..
Mexico,MEX,"Annual freshwater withdrawals, total (% of internal resources)",ER.H2O.FWTL.ZS,19.4694376528117,19.4327628361858,20.2273838630807,19.9633251833741,20.7652811735941,20.9437652811736,21.1679706601467,21.4767726161369,21.721271393643,21.8462102689487,21.8943765281174,21.9911980440098,21.9569682151589,..,..,..
Mexico,MEX,Births attended by skilled health staff (% of total),SH.STA.BRTC.ZS,94.5,95.3,99.6,96.1,95.6,97.7,98,96.6,..,..,..,..,..,..,..,..
Mexico,MEX,"Contraceptive prevalence, any method (% of married women ages 15-49)",SP.DYN.CONU.ZS,..,..,..,..,72.3,66.90078956,..,..,73.10006,..,..,..,..,71.8482508570646,..,..
Mexico,MEX,Domestic credit provided by financial sector (% of GDP),FS.AST.DOMS.GD.ZS,41.7645467306101,42.353221931967,43.6708030626319,46.5374178867183,47.2560985244853,50.6861176355224,53.050491482642,53.3342277025197,52.9432450453378,56.7237027921005,61.6028018777212,60.5159430405012,58.8314713627656,58.6016141549766,63.899996709858,66.8035450240056
Mexico,MEX,Electric power consumption (kWh per capita),EG.USE.ELEC.KH.PC,2027.1616282825,2225.2881168903,2261.95902611346,2152.84187845165,2167.59696000462,2225.42222000793,2292.03193018292,2269.10754182229,2499.62048573796,2392.19041418722,2354.26835282225,2407.87668928812,2513.81046926963,2597.3996144081,2658.04923845649,..
Mexico,MEX,Energy use (kg of oil equivalent per capita),EG.USE.PCAP.KG.OE,1581.82622504404,1632.53833582198,1652.16322037583,1633.00512016612,1582.66666115179,1539.13826670827,1525.3837445098,1478.43896510686,1493.47882156246,1469.65350320528,1366.42722558757,1417.70559078908,1441.98382794786,1467.10931902847,1558.75790867013,..
Mexico,MEX,Exports of goods and services (% of GDP),NE.EXP.GNFS.ZS,29.0174601175767,30.4429662274867,31.5394503933211,30.7558005807208,31.4629921982533,34.1627726891004,36.8156772514808,37.514088621552,39.0439304387032,38.5296507889335,39.2353720952982,40.5691931964594,42.9322902148243,36.1479343675069,37.2836162309013,39.6453397926899
Mexico,MEX,"External debt stocks, total (DOD, current US$)",DT.DOD.DECT.CD,312338399290.8,351694706992.3,432987558051.4,504135518878.2,544166999708.7,538015200055.6,544792453300,578638429804.9,602000702060.1,617449991504.4,616686384395,601471659897.8,585861539733.2,595981151218,591255026725,..
Mexico,MEX,"Fertility rate, total (births per woman)",SP.DYN.TFRT.IN,2.34,2.317,2.294,2.269,2.211,2.137,2.086,2.041,2.03,2.02,1.99,1.97,1.94,1.91,1.892,..
Mexico,MEX,"Foreign direct investment, net inflows (BoP, current US$)",BX.KLT.DINV.CD.WD,30534439564,23894805893,18231597858,50929783746,28438489737,36251271532,38902371602,33138670924,37867130066,29948988013,31546860667,35617195058,39206366288,30682691037,45474733959,43085064988
Mexico,MEX,Forest area (sq. km),AG.LND.FRST.K2,669433.1,668208.3,666983.5,665758.7,664533.9,663309.1,662031.5,660753.8,659480,658200,656920,655640,654370,653087.841,..,..
Mexico,MEX,GDP (current US$),NY.GDP.MKTP.CD,1105424238651.95,1229013703416.76,1255110424741.85,1327436290439.27,1364507717689.36,1213294467653.78,1112233497452.7,1190721475853.16,1256300182983.65,1304106204006.27,1121064767168.8,1316569466833.94,1466934724243.38,1794410347718.25,1830489311088.89,1832641364775.52
Mexico,MEX,GDP growth (annual %),NY.GDP.MKTP.KD.ZG,4.9713345832195,3.44404505297089,3.55321076010608,0.852101550164704,2.50376350783593,2.70232343024026,1.7724932254128,1.87172854648381,1.97208211101069,-0.392690513290532,-8.35403459379062,6.04848347173572,3.70975708309098,3.1067964131456,1.35057631384696,0.561683456144578
Mexico,MEX,"GNI per capita, Atlas method (current US$)",NY.GNP.PCAP.CD,9470,9760,10500,10710,10950,10580,9740,9270,9560,9860,8920,9880,10730,11990,12760,13730
Mexico,MEX,"GNI per capita, PPP (current international $)",NY.GNP.PCAP.PP.CD,15730,17010,17630,17640,18370,18590,19580,19970,20380,20370,18730,20250,22600,24560,25100,25070
Mexico,MEX,"GNI, Atlas method (current US$)",NY.GNP.ATLS.CD,1075982252539.47,1124224672975.28,1226189349206.26,1267698359856.65,1311930001674.83,1280511652494.06,1190381172004.89,1143310436812.99,1191161317433.81,1240366188605.25,1130586047160.92,1261065448518.46,1380053978835.93,1555713600131.79,1669488437753.28,1811632434693.89
Mexico,MEX,"GNI, PPP (current international $)",NY.GNP.MKTP.PP.CD,1787730792759.04,1960111493229.58,2059132523819.44,2088045247178.62,2200816239830.42,2251299552031.53,2393565436264.06,2464263194852.06,2538887671385.87,2562369414755.89,2375240560486.92,2584308612477.05,2906679541821.95,3186649128400.53,3284582473139.39,3308340614667.55
Mexico,MEX,Gross capital formation (% of GDP),NE.GDI.TOTL.ZS,23.3314894119207,24.2517581318792,24.3777390631793,22.6807316048179,22.2932759787798,23.7361297452632,24.3433923355958,23.8923507105876,23.4774930613878,22.1485426356359,20.2366593532112,21.7074939319357,22.7701948917166,23.3050041337289,23.9034064485777,22.610982698175
Mexico,MEX,High-technology exports (% of manufactured exports),TX.VAL.TECH.MF.ZS,22.1357931748892,21.1481206882898,21.3533236921301,20.5109447612712,20.2220997751974,19.5727021142392,20.6541116351274,21.1680967750153,20.8917456407643,20.4068584131191,21.5074249745377,19.8113406398377,20.5343692257849,17.9938785812602,19.3037596613987,..
Mexico,MEX,"Immunization, measles (% of children ages 12-23 months)",SH.IMM.MEAS,95,98,99,89,98,98,97,76,97,73,92,99,86,76,80,..
Mexico,MEX,Imports of goods and services (% of GDP),NE.IMP.GNFS.ZS,30.2559244160519,31.7194210489631,32.7184815005778,31.9358741854644,32.6354168333342,36.2502019908254,38.8746261573743,39.4380374225879,41.1687312115588,38.9323214620124,37.6191836198755,42.500104429993,45.8661953749018,37.5911414580596,38.1422853106055,40.2786127888756
Mexico,MEX,Income share held by lowest 20%,SI.DST.FRST.20,4.6,..,4.4,..,4.7,..,5,..,5.2,..,5.3,..,5.6,..,5.6,..
Mexico,MEX,"Industry (including construction), value added (% of GDP)",NV.IND.TOTL.ZS,32.5394870488458,33.823102211647,34.0963424850396,32.1682751220869,31.9175541245121,30.8402536108172,30.6167913885108,31.958684665724,32.043865451756,31.8382961469653,30.9999803863186,31.9695289911386,33.1638305146891,32.4707165626052,30.988479521483,30.5634109273061
Mexico,MEX,"Inflation, GDP deflator (annual %)",NY.GDP.DEFL.KD.ZG,4.3729644012068,5.66963368639802,4.54221493127187,1.70388281395313,4.3683689015276,3.22542891110768,6.07758784214809,6.56759491106902,5.2044999746979,4.31901023627729,4.6197901253924,4.48797274268482,6.66664946787341,4.67637404757288,3.74662735889912,4.63095802337195
Mexico,MEX,"Life expectancy at birth, total (years)",SP.DYN.LE00.IN,73.718,73.921,74.128,74.289,74.404,74.431,74.376,74.261,74.301,74.53,70.449,69.75,73.973,75.069,75.264,..
Mexico,MEX,Merchandise trade (% of GDP),TG.VAL.TOTL.GD.ZS,55.0476440377377,57.8217311999346,59.8550522082162,58.080376855214,59.251625294512,64.76844829925,69.3622338984454,70.6808449387357,73.8317173366255,71.1385312906261,72.2927901879172,77.2768946591657,82.1605065366247,68.0701602926661,69.5429900785791,73.5471230709178
Mexico,MEX,Military expenditure (% of GDP),MS.MIL.XPND.GD.ZS,0.433229899207479,0.447386999972132,0.455502051174913,0.48764287589738,0.495321031372806,0.45074282393045,0.480046272445401,0.424849155540147,0.464611544931539,0.509337628297564,0.717690608258695,0.659404192954647,0.685819352028866,0.660371879752505,0.893257529320534,..
Mexico,MEX,Mobile cellular subscriptions (per 100 people),IT.CEL.SETS.P2,80.4262985351805,82.0725244522242,86.2256233206385,90.2012422761648,87.6144646415609,88.9454290232153,91.3941924453661,92.6493518556478,96.4612204576614,97.0358606795758,96.9237451881936,99.09481491263,105.720624125765,111.735420288549,116.486713265167,..
Mexico,MEX,"Mortality rate, under-5 (per 1,000 live births)",SH.DYN.MORT,18.9,18.4,17.9,17.5,17,16.6,16.2,15.8,15.4,15,14.6,14.2,13.8,13.4,13.1,..
Mexico,MEX,Net barter terms of trade index (2015 = 100),TT.PRI.MRCH.XD.WD,105.1,100.9,100.2,97.7,97.7,100,103.2,102.7,102,105.2,107.9,103.5,98.9,101.4,104.4,..
Mexico,MEX,Net migration,SM.POP.NETM,-40845,-37826,-128485,-120058,-228816,-291044,-304472,-227499,-175356,-169628,-147456,-122791,-108438,-101044,-104581,-108037
Mexico,MEX,Net official development assistance and official aid received (current US$),DT.ODA.ALLD.CD,435970001.220703,967016723.632813,407930389.404297,562386230.46875,814892395.019531,321074615.478516,809336181.640625,754608337.402344,549208068.847656,526257812.5,794995605.46875,564826477.050781,496684570.3125,451662292.480469,..,..
Mexico,MEX,"Personal remittances, received (current US$)",BX.TRF.PWKR.CD.DT,22767716708,24190034859,24056599208,23976098088,25556643773,26824907167,29328819630,32922876924,36526305945,39833517538,43977653965,55067029560,61457717975,66237847600,67637913797,64391618338
Mexico,MEX,Population density (people per sq. km of land area),EN.POP.DNST,58.4500090022892,59.2831626327838,60.0932163893104,60.8778893490059,61.6190030607783,62.2815946912215,62.8881149206513,63.4790282671879,64.0827752771419,64.6945559299365,65.227528485815,65.664316469045,66.1607124668844,66.7402757272564,..,..
Mexico,MEX,Population growth (annual %),SP.POP.GROW,1.43974472572946,1.41534883852036,1.35716327923769,1.29730808025224,1.21002702971431,1.06956376155677,0.969124204799117,0.935239396499786,0.9466023549862,0.950144329831411,0.820454117563552,0.66740537533078,0.753116988604166,0.872178517508623,0.860515443690537,0.826382426690595
Mexico,MEX,"Population, total",SP.POP.TOTL,113623895,115243504,116818208,118343573,119784261,121072306,122251351,123400057,124573711,125762982,126799054,127648148,128613117,129739759,130861007,131946900
Mexico,MEX,Poverty headcount ratio at $3.00 a day (2021 PPP) (% of population),SI.POV.DDAY,8.4,..,7.3,..,7.2,..,4.4,..,3.9,..,4.3,..,2.3,..,1.6,..
Mexico,MEX,Poverty headcount ratio at national poverty lines (% of population),SI.POV.NAHC,..,..,..,..,..,..,43.2,..,41.9,..,43.9,..,36.3,..,29.6,..
Mexico,MEX,"Prevalence of HIV, total (% of population ages 15-49)",SH.DYN.AIDS.ZS,0.3,0.3,0.3,0.3,0.4,0.4,0.4,0.4,0.4,0.4,0.4,0.4,0.4,0.4,0.5,..
Mexico,MEX,"Prevalence of underweight, weight for age (% of children under 5)",SH.STA.MALN.ZS,..,..,2.8,..,..,3.9,4.2,..,..,4.7,4.6,4.2,4.2,..,..,..
Mexico,MEX,"Primary completion rate, total (% of relevant age group)",SE.PRM.CMPT.ZS,100.050811767578,100.186973571777,106.491287231445,110.180541992188,111.539886474609,105.99284362793,104.702178955078,104.324859619141,102.369117736816,102.47265625,102.597717285156,102.820198059082,102.239273071289,103.764976501465,102.283569335938,..
Mexico,MEX,"Revenue, excluding grants (% of GDP)",GC.REV.XGRT.GD.ZS,17.2660921775704,18.1690562712129,17.9381165856887,18.0538404139904,17.6885991082662,18.36819687242,19.1915888785393,19.4469058471141,18.334242739213,18.5191670610515,18.6445328321225,18.3430886466271,19.2711611455968,19.0864675810305,19.4336463996755,..
Mexico,MEX,"School enrollment, primary (% gross)",SE.PRM.ENRR,110.995216369629,111.058860778809,111.073516845703,110.109268188477,108.573143005371,106.963432312012,106.391220092773,105.797607421875,105.188163757324,105.095039367676,104.517730712891,103.358810424805,102.004783630371,101.420753479004,102.280960083008,..
Mexico,MEX,"School enrollment, primary and secondary (gross), gender parity index (GPI)",SE.ENR.PRSC.FM.ZS,1.02506005764008,1.02425003051758,1.02397000789642,1.02079999446869,1.02283000946045,1.02982997894287,1.03638005256653,1.0391800403595,1.04627001285553,1.05191004276276,1.05410003662109,..,..,..,..,..
Mexico,MEX,"School enrollment, secondary (% gross)",SE.SEC.ENRR,87.2729263305664,88.3800888061523,90.6936187744141,93.2623062133789,97.3196868896484,100.982269287109,102.871368408203,105.11018371582,105.964653015137,105.515609741211,102.58154296875,98.3202514648438,98.3576583862305,102.055458068848,103.093322753906,..
Mexico,MEX,Surface area (sq. km),AG.SRF.TOTL.K2,1964380,1964380,1964380,1964380,1964375,1964375,1964375,1964375,1964380,1964380,1960647.2,1960647.2,1959142.3,1957193.9,..,..
Mexico,MEX,Tax revenue (% of GDP),GC.TAX.TOTL.GD.ZS,9.675317453929,9.61707214633816,9.35241106304745,9.88361012140901,10.2428550430344,12.3459757821213,13.1237856071941,12.6874317286139,12.7121572963245,12.7877486089549,13.8975134556433,13.411262120908,13.4041093612799,14.2244924457043,14.8241106773063,..
Mexico,MEX,Terrestrial and marine protected areas (% of total territorial area),ER.PTD.TOTL.ZS,..,..,..,6,6.3,6.3,19.1,19.1,18.9,18.9,18.9,18.9,19,19,19.9,19.9
Mexico,MEX,"Total debt service (% of exports of goods, services and primary income)",DT.TDS.DECT.EX.ZS,9.60154726836855,10.792467413316,17.1456461494288,9.3849710528046,10.6971771895414,12.5387170111518,18.8534358233458,14.2819574213038,11.6218684544373,13.3021139066279,15.7359205334234,14.4748436269398,8.6120372079918,8.14585545015927,9.51997025016336,..
Mexico,MEX,Urban population growth (annual %),SP.URB.GROW,1.45287970100753,1.47065672967521,1.47690834295452,1.47593812416974,1.44227004611311,1.35010690603571,1.29263408673132,1.29639194599228,1.34009770164304,1.37072941424281,1.23052761321089,0.990278035419992,1.09116644258604,1.21730400929993,1.2127000253117,1.1856092998095
Mexico,MEX,"Agriculture, forestry, and fishing, value added (% of GDP)",NV.AGR.TOTL.ZS,3.09200838871919,2.97569483968178,3.04872937167333,3.02454277542456,3.02713651699048,3.08518633863416,3.2462890783797,3.29751177589907,3.29695945141921,3.31502440257968,3.71114888178603,3.78266528622109,3.89806571238006,3.84569758598285,3.86944846371998,3.88408341898948
Mexico,MEX,"Inflation, consumer prices (annual %)",FP.CPI.TOTL.ZG,4.15672722680174,3.40737824605742,4.11150981070289,3.80639069747204,4.01861608078679,2.72064064964023,2.8217078474766,6.04145724018986,4.89935015356551,3.63596142127046,3.39683415570006,5.68920847683753,7.8962761916855,5.52796087314389,4.72225588452932,3.80668650726485
Mexico,MEX,"Unemployment, total (% of total labor force) (national estimate)",SL.UEM.TOTL.NE.ZS,5.303,5.175,4.892,4.921,4.819,4.311,3.853,3.419,3.275,3.477,4.378,3.941,3.174,2.704,2.616,2.542
Mexico,MEX,"Unemployment, total (% of total labor force) (modeled ILO estimate)",SL.UEM.TOTL.ZS,5.303,5.175,4.892,4.921,4.819,4.311,3.853,3.419,3.275,3.477,4.44,4.019,3.256,2.765,2.678,2.673
Mexico,MEX,Current account balance (% of GDP),BN.CAB.XOKA.GD.ZS,-0.339592498675246,-0.857892612318961,-1.40984864759126,-2.39396960169622,-1.82131927652883,-2.59917628224106,-2.27311198277187,-1.79746290782777,-2.06414074440499,-0.296844402020911,2.39710320563074,-0.340708629738092,-1.27426718190487,-0.699077082003633,-0.912091864173097,-0.447421048798837
Mexico,MEX,Real interest rate (%),FR.INR.RINR,0.869831509850299,-0.718087426437587,0.13259562383731,2.52394544668066,-0.782518921639472,0.207059208001004,-1.2475973505834,0.717765179526944,2.69522693989711,3.93998794762342,1.64584209088023,0.386354441937539,1.41798510250274,6.60635475962413,7.20669786071159,3.9709808535188
Mexico,MEX,"Foreign direct investment, net inflows (% of GDP)",BX.KLT.DINV.WD.GD.ZS,2.76223720236461,1.9442261568419,1.45258915061197,3.83670268116194,2.08415748539387,2.98783786611186,3.49768027047347,2.78307493364523,3.0141785043816,2.29651449559824,2.81400875229273,2.70530313479407,2.67267286267437,1.7099038174861,2.48429388161511,2.35098180233848
Mexico,MEX,"Central government debt, total (% of GDP)",GC.DOD.TOTL.GD.ZS,..,..,..,..,..,..,..,..,..,41.3273940594335,45.8373464207273,44.860955801458,43.9694401581611,45.1534859576172,50.270950655733,..
Mexico,MEX,Gross savings (% of GDP),NY.GNS.ICTR.ZS,19.1230801275762,19.2529097567633,19.1609504944166,16.36445681263,16.8470848769093,18.515549158143,19.384966743581,20.6161724297524,21.49505806165,21.8054202744074,22.1927981725641,21.6797240995638,20.0126087965779,19.9269884427126,18.4225686840893,18.2575535645909
Mexico,MEX,GDP (constant 2015 US$),NY.GDP.MKTP.KD,1066822388040.15,1103564231719.43,1142776194745.57,1152513808415.91,1181370028573.8,1213294467653.78,1234800029897.25,1257912134548.83,1282719194726.5,1277682078136.65,1170944075330.45,1241768434190.09,1287835026633.04,1327845439047.71,1345779005031.98,1353338023059.52
Mexico,MEX,"Agriculture, forestry, and fishing, value added (annual % growth)",NV.AGR.TOTL.KD.ZG,2.42038736536449,-2.41997442407433,6.05441167903773,3.01515811269147,3.15525551963889,1.85288026734973,2.91539723339366,3.26779323250905,2.45932701784372,0.298819706963954,1.11985525095149,2.32288717482831,1.56579524951231,-1.12590585147119,0.38659590378191,4.20226049299075
Mexico,MEX,"Services, value added (% of GDP)",NV.SRV.TOTL.ZS,60.4783490690014,59.8866488326378,59.9372072870593,61.0665777173355,60.0782705550112,60.5061359793987,60.0750683879945,59.3653310411041,59.2695792065093,59.1556029966149,59.1896498692495,58.3256995087389,58.1306222654239,57.6769252512863,58.6490269101838,58.9001681001692
Mexico,MEX,"Services, value added (annual % growth)",NV.SRV.TOTL.KD.ZG,5.85809960939534,4.228428136329,3.61703414596259,1.71217400812959,2.23761332638659,3.02659315100588,2.52560417997391,2.49204448127981,2.90932579448125,0.225312306630229,-8.12405243098991,5.6477222042074,3.05678005121204,3.33062616441919,2.34579071271348,1.3103879697111
Mexico,MEX,Domestic credit to private sector (% of GDP),FS.AST.PRVT.GD.ZS,22.3237750273616,23.5848328387345,24.9270563825252,27.8590593255176,28.1836821060935,30.8304978690131,32.9508423866166,34.3431256738601,33.6152178109833,35.5851864842603,36.9325897654775,35.0570605465604,34.2487696122269,33.2256099210698,35.0748199517549,35.5021122487568
Netherlands,NLD,"Adolescent fertility rate (births per 1,000 women ages 15-19)",SP.ADO.TFRT,5.202,4.898,4.535,3.962,3.673,3.18,2.961,2.772,2.603,2.505,2.355,2.227,2.071,1.858,1.748,..
Netherlands,NLD,"Annual freshwater withdrawals, total (% of internal resources)",ER.H2O.FWTL.ZS,99.3636363636364,92.6363636363636,97.4209090909091,96.7272727272727,86.2727272727273,76.4636363636364,72.94,71.9654545454545,73.5472727272727,76.3945454545455,75.5090909090909,72.2381818181818,74.8572727272727,..,..,..
Netherlands,NLD,Births attended by skilled health staff (% of total),SH.STA.BRTC.ZS,..,..,..,..,..,..,..,..,..,..,..,..,..,..,..,..
Netherlands,NLD,"Contraceptive prevalence, any method (% of married women ages 15-49)",SP.DYN.CONU.ZS,..,..,..,73,..,..,..,..,..,..,..,..,..,..,..,..
Netherlands,NLD,Domestic credit provided by financial sector (% of GDP),FS.AST.DOMS.GD.ZS,..,..,..,..,..,..,..,..,..,..,..,..,..,..,..,..
Netherlands,NLD,Electric power consumption (kWh per capita),EG.USE.ELEC.KH.PC,7006.27382053053,7060.05376840719,6872.76998897401,6827.60357505687,6709.21709613183,6711.77785164667,6731.46719432184,6727.97901571486,6790.77027214614,6757.32784222013,6643.57996731932,6708.8179325849,6352.1899519473,6206.42579001972,6386.36706563515,..
Netherlands,NLD,Energy use (kg of oil equivalent per capita),EG.USE.PCAP.KG.OE,4978.86938849852,4611.91453819796,4599.20591866701,4488.60406405713,4215.35262065709,4298.59287050144,4352.44653138733,4365.20385335267,4251.16716726453,4129.40909477343,3975.37813564997,4057.79129205731,3570.12031994399,3418.13670132261,3415.76133096426,..
Netherlands,NLD,Exports of goods and services (% of GDP),NE.EXP.GNFS.ZS,69.2873649735157,75.1751870770854,79.5755903693531,80.3711722486241,81.3822615368973,83.9918475345943,80.9095011629118,85.1795472131327,87.0564594492635,85.3209394926528,81.2415259478997,86.4500028041052,96.4436215813729,87.4860612893795,82.4976839942829,80.6693413415314
Netherlands,NLD,"External debt stocks, total (DOD, current US$)",DT.DOD.DECT.CD,..,..,..,..,..,..,..,..,..,..,..,..,..,..,..,..
Netherlands,NLD,"Fertility rate, total (births per woman)",SP.DYN.TFRT.IN,1.79,1.76,1.72,1.68,1.71,1.66,1.66,1.62,1.59,1.57,1.54,1.62,1.49,1.43,1.43,..
Netherlands,NLD,"Foreign direct investment, net inflows (BoP, current US$)",BX.KLT.DINV.CD.WD,55216217341.4169,356497878982.879,261353750744.147,324371071610.922,144140814142.929,376007766143.543,277348123316.99,201143110342.962,-285034722651.706,-127784845859.2,-220886475395.815,-115702946625.041,15457596582.8886,-343402798888.19,-17058018836.8683,..
Netherlands,NLD,Forest area (sq. km),AG.LND.FRST.K2,3734.8,3717.5,3700.2,3682.9,3665.6,3648.3,3657.6,3667,3676.3,3685.7,3695,3704.367,3713.689,3723.041,..,..
Netherlands,NLD,GDP (current US$),NY.GDP.MKTP.CD,852464982433.335,913140741332.687,845689017065.625,883951539006.669,901556501756.467,775743675302.734,797163949289.885,848233537845.884,929733599796.862,928903005576.469,932560861701.17,1054472123449.6,1046540797548.64,1135475867551,1213936238063.28,1332767651100.39
Netherlands,NLD,GDP growth (annual %),NY.GDP.MKTP.KD.ZG,1.31935287897116,1.77330320575034,-0.977826121310997,-0.0302410184270769,1.61255885112396,2.12064007193544,2.42428065449427,2.78150834679987,2.25873158164956,2.3001616053659,-3.86799714191608,6.27683593745216,5.00723453395074,-0.598061017580278,1.07383137319854,1.78463214703797
Netherlands,NLD,"GNI per capita, Atlas method (current US$)",NY.GNP.PCAP.CD,54000,54270,52070,52460,52220,49670,46960,46710,51290,52940,51490,59560,62110,62550,62500,68530
Netherlands,NLD,"GNI per capita, PPP (current international $)",NY.GNP.PCAP.PP.CD,45070,46960,47240,49350,49320,50200,51600,55070,58530,61020,60800,69670,77730,80530,84460,85480
Netherlands,NLD,"GNI, Atlas method (current US$)",NY.GNP.ATLS.CD,897222146926.504,905928238584.932,872456866274.222,881484042599.886,880610979579.16,841451056078.603,799787826007.404,800280387519.07,883724861439.852,918225523378.911,898106640511.413,1044233190658.26,1099444076628.82,1118270522527.83,1124542264468.24,1239617957502.65
Netherlands,NLD,"GNI, PPP (current international $)",NY.GNP.MKTP.PP.CD,748922203142.028,783827812430.852,791424877002.649,829367575166.068,831792363482.6,850416924904.133,878825517192.827,943354855206.802,1008535597820.14,1058448201488.54,1060378857170.37,1221593046855.51,1375951632690.79,1439666345055.05,1519738973860.47,1546052393712.11
Netherlands,NLD,Gross capital formation (% of GDP),NE.GDI.TOTL.ZS,20.0371060399178,19.9116480923396,18.5826577863124,18.3607360340882,17.7066341303839,22.1699860549934,19.7764432256049,20.2151929584837,20.4804432515785,21.7580356895369,21.3519779830807,22.1938197521171,22.8632951641142,20.0805040885297,19.673967025785,19.8199511979231
Netherlands,NLD,High-technology exports (% of manufactured exports),TX.VAL.TECH.MF.ZS,27.8649964298346,25.2390821012445,25.4832942720764,24.6659051147577,24.5559687632591,24.074012919385,24.0087404866077,22.9219025245367,22.5132061163246,23.0482346929973,23.1639760853804,22.0023211908273,21.9578380124342,24.5106465274936,23.4680052763745,..
Netherlands,NLD,"Immunization, measles (% of children ages 12-23 months)",SH.IMM.MEAS,96,96,96,96,96,95,94,93,93,94,94,93,89,89,89,..
Netherlands,NLD,Imports of goods and services (% of GDP),NE.IMP.GNFS.ZS,60.7943429618271,66.5819122486902,69.8176326887784,70.2806779783252,70.3336295196036,76.3339650302142,70.0560280487382,74.4665124437146,76.5026871237804,75.3557323923463,70.9917044618066,76.7048398855925,87.6638626713087,77.5443681895531,71.4586065803986,69.4506290177353
Netherlands,NLD,Income share held by lowest 20%,SI.DST.FRST.20,9,9.1,9.1,8.9,8.8,8.9,8.8,8.8,8.9,8.6,9.2,9.4,..,..,..,..
Netherlands,NLD,"Industry (including construction), value added (% of GDP)",NV.IND.TOTL.ZS,18.9533173048512,19.3209585785648,19.3226704262327,18.6870743291059,17.6818782630222,17.4148103121536,16.9640712326865,17.1210117451832,17.3241048530815,17.1127557495056,17.3794770859182,17.7061297739891,18.6563965305589,18.1639849428596,17.5378028305647,17.6782047347171
Netherlands,NLD,"Inflation, GDP deflator (annual %)",NY.GDP.DEFL.KD.ZG,0.710240446809252,0.242697164111121,1.32907768194571,1.14493599899532,0.344128582413305,0.888398541092599,0.565548743031258,1.43936441864196,2.53341170885517,3.02781317575136,2.35577686266144,2.74733820576721,6.15557498292159,6.30206908032835,5.6654225778243,3.31998630270478
Netherlands,NLD,"Life expectancy at birth, total (years)",SP.DYN.LE00.IN,80.7024390243902,81.2048780487805,81.1048780487805,81.3048780487805,81.7073170731707,81.509756097561,81.5609756097561,81.7609756097561,81.8121951219512,82.1121951219512,81.3585365853659,81.309756097561,81.6146341463415,81.8634146341464,81.9658536585366,..
Netherlands,NLD,Merchandise trade (% of GDP),TG.VAL.TOTL.GD.ZS,127.941912275006,138.14595526194,146.898088414408,142.68350066083,139.977915698166,139.54957474549,134.401838035251,144.619488061657,147.590557155277,144.716293512879,136.154545204029,151.489258414365,177.748254473905,156.640405210559,143.10150282452,139.535124405561
Netherlands,NLD,Military expenditure (% of GDP),MS.MIL.XPND.GD.ZS,1.31752879372712,1.27726127378573,1.22552534668627,1.1572088159419,1.14761127983414,1.11786033539529,1.14449960079147,1.13721447777951,1.1961416179648,1.29180842332848,1.40607718904592,1.36537490886658,1.30419995572639,1.44136515676766,1.91642541759119,..
Netherlands,NLD,Mobile cellular subscriptions (per 100 people),IT.CEL.SETS.P2,114.356515784318,117.673977365337,116.563841951798,114.73405856983,114.867279906758,121.637501079209,121.420358968335,118.57673269471,121.162164892591,124.08833250929,121.422728509042,123.447849713072,115.8205562749,125.272736960305,128.538765867661,..
Netherlands,NLD,"Mortality rate, under-5 (per 1,000 live births)",SH.DYN.MORT,4.4,4.3,4.2,4.2,4.1,4.1,4.1,4,4,4,4,4,4,3.9,3.9,..
Netherlands,NLD,Net barter terms of trade index (2015 = 100),TT.PRI.MRCH.XD.WD,96.3,97.5,97.5,97.6,100.2,100,100.8,99.4,99.3,99.2,98.2,96.3,93.3,95.4,100.3,..
Netherlands,NLD,Net migration,SM.POP.NETM,33703,31224,14861,19973,36591,55585,88743,86332,87197,109003,67598,106416,224472,144558,121628,104681
Netherlands,NLD,Net official development assistance and official aid received (current US$),DT.ODA.ALLD.CD,..,..,..,..,..,..,..,..,..,..,..,..,..,..,..,..
Netherlands,NLD,"Personal remittances, received (current US$)",BX.TRF.PWKR.CD.DT,2779175298.84559,3216989962.63526,3079928940.88397,3275687101.14494,3723144479.05909,3276248683.93125,3206127086.21863,3417061015.25343,3724082171.56593,3673480764.58329,3622290491.69462,3956821808.58585,3808155129.88367,4272993063.9357,4719400104.5275,..
Netherlands,NLD,Population density (people per sq. km of land area),EN.POP.DNST,492.599881411207,495.049644128114,496.884994068802,498.795844464233,500.593885425942,503.116216216216,505.800831600832,508.8,511.779744579745,515.143272943273,518.013068013068,520.731927531928,525.719691119691,530.950905850906,..,..
Netherlands,NLD,Population growth (annual %),SP.POP.GROW,0.512923100553586,0.466428782200821,0.370055034770235,0.294820793441482,0.359828172726548,0.443220089035769,0.532178879608489,0.591203366164118,0.583933408920832,0.65507157480522,0.55554079025497,0.523490508168757,0.953278922854537,0.990139686700227,0.648823280021657,0.521869714098474
Netherlands,NLD,"Population, total",SP.POP.TOTL,16615394,16693074,16754962,16804432,16865008,16939923,17030314,17131296,17231624,17344874,17441500,17533044,17700982,17877117,17993485,18087633
Netherlands,NLD,Poverty headcount ratio at $3.00 a day (2021 PPP) (% of population),SI.POV.DDAY,0,0.1,0.1,0.1,0.1,0.1,0.1,0.2,0.1,0.1,0,0.1,..,..,..,..
Netherlands,NLD,Poverty headcount ratio at national poverty lines (% of population),SI.POV.NAHC,..,..,..,..,..,12.7,13.2,13.3,13.2,13.4,14.4,14.5,..,..,..,..
Netherlands,NLD,"Prevalence of HIV, total (% of population ages 15-49)",SH.DYN.AIDS.ZS,0.2,0.2,0.2,0.2,0.2,0.2,0.2,0.2,0.2,0.2,0.2,0.2,0.2,0.1,..,..
Netherlands,NLD,"Prevalence of underweight, weight for age (% of children under 5)",SH.STA.MALN.ZS,..,..,..,..,..,..,..,..,..,..,..,..,..,..,..,..
Netherlands,NLD,"Primary completion rate, total (% of relevant age group)",SE.PRM.CMPT.ZS,..,..,..,..,..,..,..,..,..,..,..,..,..,..,..,..
Netherlands,NLD,"Revenue, excluding grants (% of GDP)",GC.REV.XGRT.GD.ZS,38.6106540678235,38.4714937051552,38.9283717595012,39.8548906421142,39.799035405311,38.6479779740408,39.4801263581768,39.5813605980335,39.5247900029596,39.7164505216525,39.7313779068984,39.3800684201671,39.1818437946509,39.4093890964287,39.4245249624847,..
Netherlands,NLD,"School enrollment, primary (% gross)",SE.PRM.ENRR,106.750358581543,107.072776794434,107.048240661621,..,..,106.059417724609,105.680366516113,105.039421081543,104.561111450195,104.578910827637,104.338813781738,104.378402709961,104.215446472168,104.15657043457,..,..
Netherlands,NLD,"School enrollment, primary and secondary (gross), gender parity index (GPI)",SE.ENR.PRSC.FM.ZS,0.991249978542328,0.993319988250732,0.990230023860931,..,..,1.00826001167297,1.00922000408173,1.00758004188538,1.00550997257233,1.0064799785614,1.0083099603653,..,..,..,..,..
Netherlands,NLD,"School enrollment, secondary (% gross)",SE.SEC.ENRR,124.569526672363,129.868103027344,111.448249816895,..,..,114.137916564941,112.994277954102,115.225227355957,114.50032043457,114.804168701172,136.284164428711,135.962173461914,138.767501831055,137.514724731445,..,..
Netherlands,NLD,Surface area (sq. km),AG.SRF.TOTL.K2,41540,41540,41540,41540,41540,41540,41540,41540,41540,41540,41540,41540,41540,41540,..,..
Netherlands,NLD,Tax revenue (% of GDP),GC.TAX.TOTL.GD.ZS,20.7736282739937,20.6627002818542,20.3256602535276,20.5483444942433,21.6080409414892,21.7393356455823,22.3460964348943,23.0992154340151,22.9733523187001,23.7024369491677,23.8138164252391,24.2474342437328,23.9133847175545,25.2407076056081,25.2758922306144,..
Netherlands,NLD,Terrestrial and marine protected areas (% of total territorial area),ER.PTD.TOTL.ZS,..,..,..,20.2,18,17.9,17.9,21.2,21.2,25.3,25.3,25.3,25.3,25.3,29.8,29.8
Netherlands,NLD,"Total debt service (% of exports of goods, services and primary income)",DT.TDS.DECT.EX.ZS,..,..,..,..,..,..,..,..,..,..,..,..,..,..,..,..
Netherlands,NLD,Urban population growth (annual %),SP.URB.GROW,1.81263863698804,1.21421194188193,0.968590835333657,1.01595043052292,1.09886595578282,0.934349246328028,0.865644493440718,1.18739056358927,2.19970048875043,2.03159162127433,0.94187132064814,0.921884889970005,1.32892378872984,1.34383405465347,0.98132856285037,0.833951413643368
Netherlands,NLD,"Agriculture, forestry, and fishing, value added (% of GDP)",NV.AGR.TOTL.ZS,1.78780819318779,1.59844393327571,1.69697006526574,1.84474290341919,1.80098935055634,1.80598562591626,1.86399139098136,1.96787421373596,1.75987236955923,1.7588069903961,1.73737205482673,1.65464640233302,1.64194723390554,1.75149243000648,1.73109724727451,1.68323077210041
Netherlands,NLD,"Inflation, consumer prices (annual %)",FP.CPI.TOTL.ZG,1.27530569556679,2.34107017751373,2.45554765291614,2.50689852657875,0.976035079699679,0.600248147278776,0.316666666666652,1.38145871407216,1.70349794744479,2.63369910249591,1.27246037789161,2.67572008805385,10.0012078753473,3.83839354342808,3.34754304219953,3.2595766451366
Netherlands,NLD,"Unemployment, total (% of total labor force) (national estimate)",SL.UEM.TOTL.NE.ZS,4.991,4.977,5.821,7.241,7.419,6.872,6.007,4.837,3.832,3.379,3.82,4.209,3.526,3.535,3.638,3.9
Netherlands,NLD,"Unemployment, total (% of total labor force) (modeled ILO estimate)",SL.UEM.TOTL.ZS,4.991,4.977,5.821,7.241,7.419,6.872,6.007,4.837,3.832,3.379,3.82,4.209,3.526,3.535,3.7,3.874
Netherlands,NLD,Current account balance (% of GDP),BN.CAB.XOKA.GD.ZS,6.40659475745776,7.01569973680719,7.50199225228895,7.90135338752685,8.54625757819213,4.84837059519836,7.14588669256922,8.04969631853888,8.83776760941587,6.79648399842588,5.72296366531146,10.2781370842496,6.82147679536227,9.41409249872006,9.13742493692445,..
Netherlands,NLD,Real interest rate (%),FR.INR.RINR,1.03242684018802,1.7530482375309,0.292040868054822,0.351044763138912,..,..,..,..,..,..,..,..,..,..,..,..
Netherlands,NLD,"Foreign direct investment, net inflows (% of GDP)",BX.KLT.DINV.WD.GD.ZS,6.47724170250418,39.0408469194559,30.9042384931276,36.6955717929323,15.9879956344505,48.4706196279081,34.7918547450687,23.7131758376085,-30.6576768564655,-13.7565327156949,-23.6860117625863,-10.9725941589172,1.47701805979237,-30.2430732965592,-1.40518243891316,..
Netherlands,NLD,"Central government debt, total (% of GDP)",GC.DOD.TOTL.GD.ZS,..,..,..,..,..,..,..,..,..,..,..,..,..,..,..,..
Netherlands,NLD,Gross savings (% of GDP),NY.GNS.ICTR.ZS,26.4445804947731,26.9690241216893,26.0647009049162,26.2632433828137,26.2558229193908,26.976300925752,26.9531332435549,28.2746496971791,29.3296743858075,28.552937034731,27.0570012685206,32.4370513358733,29.6426237382189,29.5031090136918,28.8273545067908,..
Netherlands,NLD,GDP (constant 2015 US$),NY.GDP.MKTP.KD,742031522823.378,755189991605.283,747805546601.84,747579402588.694,759634560414.317,775743675302.734,794549879151.561,816650350359.65,835096289734.875,854304853959.192,821260366624.8,872809532457.157,916513152781.965,911031844894.181,920814790664.484,937247947433.363
Netherlands,NLD,"Agriculture, forestry, and fishing, value added (annual % growth)",NV.AGR.TOTL.KD.ZG,-0.173003957434176,-0.206322798686003,-0.0661577838804277,1.43991379180015,5.0742384783867,3.22204972003111,2.95599885397817,1.2419660043718,-0.541206539915933,2.74251012938768,1.66655019987493,2.46579485371872,-0.772781246738433,-1.27749437318248,-2.35278253122497,1.50237955821859
Netherlands,NLD,"Services, value added (% of GDP)",NV.SRV.TOTL.ZS,68.7900258467051,68.891165266542,69.0876469086887,69.3644666878015,70.3026846854015,70.5458576179068,70.6379699378623,70.3995812806898,70.2823544056509,70.2508053465611,69.8215350848722,69.4429925410801,69.0713610110483,70.0541740903295,70.4741592609467,70.4111549542247
Netherlands,NLD,"Services, value added (annual % growth)",NV.SRV.TOTL.KD.ZG,1.64084900074602,2.26800796466422,-0.328786201442995,0.443110397216827,2.15326522120158,2.33173228109709,2.03876286869722,2.24821573410479,1.99759741916068,2.5753546487673,-4.65112190946839,6.61519873979725,6.21545201701217,0.0766291947973343,1.7196579029245,1.67256759258495
Netherlands,NLD,Domestic credit to private sector (% of GDP),FS.AST.PRVT.GD.ZS,112.995200786287,113.516935353618,116.013958604261,112.969994005111,115.205849457802,110.135230807738,112.688166070747,109.26176749092,103.705449062777,98.6368462471995,100.352006153371,93.8807694464696,88.8195045380451,85.4757445009347,82.3320940898509,..
Russian Federation,RUS,"Adolescent fertility rate (births per 1,000 women ages 15-19)",SP.ADO.TFRT,30.379,29.466,29.721,28.205,27.168,24.73,21.857,18.242,16.031,14.271,13.801,13.565,13.163,12.974,12.157,..
Russian Federation,RUS,"Annual freshwater withdrawals, total (% of internal resources)",ER.H2O.FWTL.ZS,1.61641929499072,1.43475572054731,1.48423005565863,1.41465677179963,1.64216141001855,1.44805194805195,1.50255102040816,1.49373840445269,1.50324675324675,1.50324675324675,1.50324675324675,1.50324675324675,1.50324675324675,..,..,..
Russian Federation,RUS,Births attended by skilled health staff (% of total),SH.STA.BRTC.ZS,99.7,99.7,99.7,99.7,99.7,99.7,99.7,99.7,99.7,99.7,99.6,..,..,..,..,..
Russian Federation,RUS,"Contraceptive prevalence, any method (% of married women ages 15-49)",SP.DYN.CONU.ZS,64.9,68,..,..,..,..,..,..,..,..,..,..,..,..,..,..
Russian Federation,RUS,Domestic credit provided by financial sector (% of GDP),FS.AST.DOMS.GD.ZS,..,..,..,..,..,..,..,76.173779985889,71.3147059984576,70.851960389861,86.1587077981127,..,..,..,..,..
Russian Federation,RUS,Electric power consumption (kWh per capita),EG.USE.ELEC.KH.PC,6409.89436516487,6483.16111107401,6608.97798676812,6525.62731928494,6583.54327856132,6563.38703411839,6683.60463084419,6734.1871192098,6873.34950566688,6902.44952931316,6770.33287198,7186.67544355845,7184.39430489,7285.35211230393,..,..
Russian Federation,RUS,Energy use (kg of oil equivalent per capita),EG.USE.PCAP.KG.OE,4853.36753031766,5004.23439250465,5056.08323400834,4919.89870162422,4915.75746633152,4804.23014928516,4936.04266971322,5018.77352571388,5279.09416060338,5082.7299560342,5068.38550364971,5710.55279279027,5707.1572675389,5498.30525622561,..,..
Russian Federation,RUS,Exports of goods and services (% of GDP),NE.EXP.GNFS.ZS,29.2155607849758,28.0553614798549,26.9073203393663,25.845336826255,27.1110970517525,28.703389442924,25.8544829769167,26.0908809797568,30.7932568020743,28.4334306799759,25.5221855113549,30.0024195364041,27.7096266135186,22.7699393140297,21.8563659146375,18.2030774281844
Russian Federation,RUS,"External debt stocks, total (DOD, current US$)",DT.DOD.DECT.CD,417886400642.8,544355500577.8,591836363065.8,668513124292.2,554415745561.2,492191137727.2,535225173047.3,519202537324.6,477785389198.2,485793305491.7,460933940334.8,472158073713,376117000821.9,..,..,..
Russian Federation,RUS,"Fertility rate, total (births per woman)",SP.DYN.TFRT.IN,1.567,1.582,1.691,1.707,1.75,1.777,1.762,1.621,1.579,1.504,1.505,1.505,1.416,1.41,1.418,..
Russian Federation,RUS,"Foreign direct investment, net inflows (BoP, current US$)",BX.KLT.DINV.CD.WD,43167780000,55083630000,50587560000,69218890000,22031340000,6852970000,32538900000,28557440000,8784850000,31974770000,9478810000,40450000000,-39800944226.9805,-10045120000,-9350260000,22930720000
Russian Federation,RUS,Forest area (sq. km),AG.LND.FRST.K2,8151356,8150945.72,8150535.44,8150125.16,8149714.88,8149304.6,8151210,8153120,8153120,8153120,8153120,8153120,8153120,8153120,..,..
Russian Federation,RUS,GDP (current US$),NY.GDP.MKTP.CD,1524916715223.95,2045922753398.04,2208293553878.42,2292470078346.22,2059241589895.01,1363482182197.71,1276786350881.14,1574199360089,1657328773461.31,1693115002708.32,1493075894362.14,1829186719575.1,2292495097681.47,2046284838151.09,2186462268813.08,2561310169358.74
Russian Federation,RUS,GDP growth (annual %),NY.GDP.MKTP.KD.ZG,4.49999999920672,4.30002918604238,4.0240861571798,1.75542214916291,0.736267221403651,-1.9727192264298,0.193671130698817,1.82670527549192,2.80634082046656,2.19807571381982,-2.65365449695453,5.866491772979,-1.43537063467896,4.06661395813023,4.92167966203073,1.00117656925738
Russian Federation,RUS,"GNI per capita, Atlas method (current US$)",NY.GNP.PCAP.CD,9980,11060,13470,15160,14590,11740,9680,9160,10180,11190,10660,11710,12890,14400,15330,15960
Russian Federation,RUS,"GNI per capita, PPP (current international $)",NY.GNP.PCAP.PP.CD,19860,22120,23530,25120,24840,23330,23340,25090,27930,29990,30750,37730,40090,43720,47090,49220
Russian Federation,RUS,"GNI, Atlas method (current US$)",NY.GNP.ATLS.CD,1425185030129.62,1581315044636.11,1931706138724.09,2179425475092.39,2137991200527.43,1725234111825.75,1426946144258.98,1352327038892.18,1505171101535.99,1655613447969.77,1575000056370.66,1724054546331.14,1891444061719.79,2106555401157.46,2240396225308.21,2329665533238.38
Russian Federation,RUS,"GNI, PPP (current international $)",NY.GNP.MKTP.PP.CD,2836588557956.2,3163098238376.86,3373665030002.68,3611852783396.69,3639325111273.83,3428609968105.44,3440587138811.78,3705398029014.97,4128705266499.84,4434790959251.04,4542377364597.36,5554500399718.39,5881919339924.82,6395811717846.94,6880978744466.89,7184895114078.46
Russian Federation,RUS,Gross capital formation (% of GDP),NE.GDI.TOTL.ZS,22.6150505519736,24.2607379312639,24.5536933545168,23.2716819870194,22.3908642287739,22.148725318159,23.0954224731096,23.6067558621651,21.9180891512463,22.6615137722235,23.4558291480158,23.0093392226061,23.1732337652661,27.303131349175,26.4795760497971,25.8916433341468
Russian Federation,RUS,High-technology exports (% of manufactured exports),TX.VAL.TECH.MF.ZS,9.42324237619253,8.42178106569456,9.08148979631111,10.6336135964435,12.1254086015011,15.992066533226,15.7901190501232,12.3246991949294,11.3552822642706,12.9053155381414,9.19363897787208,9.72984772707015,..,..,..,..
Russian Federation,RUS,"Immunization, measles (% of children ages 12-23 months)",SH.IMM.MEAS,98,98,98,98,98,98,98,98,98,98,97,97,97,97,97,..
Russian Federation,RUS,Imports of goods and services (% of GDP),NE.IMP.GNFS.ZS,21.1399447022831,19.9800379279369,20.2440700464294,20.441812574244,20.6902442110591,20.6559598687647,20.6636368626929,20.7856433573743,20.7876435683221,20.7953229819275,20.4447226915578,20.5837759257711,15.0566816178163,18.5695723352636,17.5620399669048,15.5069734394404
Russian Federation,RUS,Income share held by lowest 20%,SI.DST.FRST.20,6.4,6.5,6.3,6.4,6.2,6.2,6.2,6.5,6.7,6.7,7.4,6.9,7.5,7.7,..,..
Russian Federation,RUS,"Industry (including construction), value added (% of GDP)",NV.IND.TOTL.ZS,29.999588218512,29.4135888378747,29.102868072666,28.1912891799352,27.9315270606099,29.7940599874349,29.1739050669208,30.6732968853437,32.5542980530841,32.1504958365379,29.7171245814295,31.7859991548592,32.1981219809717,30.7976211679525,31.3886729791556,29.673447748303
Russian Federation,RUS,"Inflation, GDP deflator (annual %)",NY.GDP.DEFL.KD.ZG,14.1911095688207,24.4600860617544,8.90786842118136,5.32013887194449,7.4900711173524,7.24973590747346,2.84424213964709,5.34886821073218,9.99894458061645,3.26313281834219,0.898246022973439,18.2091007440476,18.2296132017855,6.65888697432216,10.6528462305427,4.85205314544395
Russian Federation,RUS,"Life expectancy at birth, total (years)",SP.DYN.LE00.IN,68.8412195121951,69.6839024390244,70.0721951219512,70.5787804878049,70.7436585365854,71.1834146341463,71.6512195121951,72.4514634146342,72.6621951219512,73.0839024390244,71.3387804878049,69.900243902439,72.5456097560976,73.2546341463415,73.4404878048781,..
Russian Federation,RUS,Merchandise trade (% of GDP),TG.VAL.TOTL.GD.ZS,42.5770137816773,41.3428121171807,39.1570223298132,37.6495644655323,39.0767165906466,39.1965518125492,37.062034668011,37.5636666480774,41.8003965835433,39.7844800218834,38.4185426987324,43.4732546158393,37.8882380546178,35.5686064046504,33.6243625369805,28.1929150416323
Russian Federation,RUS,Military expenditure (% of GDP),MS.MIL.XPND.GD.ZS,3.58508572012112,3.43304383760131,3.68924043459907,3.85404258314373,4.11299297822323,4.87151474680202,5.42514770504505,4.24899605173948,3.71982243956434,3.86033750437073,4.14471713241985,3.57591678846302,4.60728884010235,5.40231844120686,7.05233864500366,..
Russian Federation,RUS,Mobile cellular subscriptions (per 100 people),IT.CEL.SETS.P2,165.137115700538,141.451225637367,144.198197519265,150.964167004451,152.512941154001,156.4185651494,157.173982310184,155.485765168167,156.682905991229,163.646302441755,163.101112466044,169.07261384221,168.475831268436,180.841776534047,186.103787309059,..
Russian Federation,RUS,"Mortality rate, under-5 (per 1,000 live births)",SH.DYN.MORT,10.4,10.2,9.9,9.5,8.9,8.2,7.5,6.9,6.4,6,5.7,5.5,5.4,5.3,5.2,..
Russian Federation,RUS,Net barter terms of trade index (2015 = 100),TT.PRI.MRCH.XD.WD,115.3,140.4,146.6,136.9,131.5,100,81.5,92.2,108.1,109.3,89.2,115.2,135.5,114.6,116.1,..
Russian Federation,RUS,Net migration,SM.POP.NETM,307555,309377,285977,289872,264698,384756,447645,396619,339972,336494,334094,314112,765629,27807,-178042,-251822
Russian Federation,RUS,Net official development assistance and official aid received (current US$),DT.ODA.ALLD.CD,..,..,..,..,..,..,..,..,..,..,..,..,..,..,..,..
Russian Federation,RUS,"Personal remittances, received (current US$)",BX.TRF.PWKR.CD.DT,5250020000,6103270000,5787730000,6750810000,7776540000,6903390000,6688670000,8235000000,9287270000,10432480000,9914970000,9646920000,3245171006.3563,2616450000,1815510000,1610640000
Russian Federation,RUS,Population density (people per sq. km of land area),EN.POP.DNST,8.72263552192818,8.73293828429975,8.75493589434367,8.78102091547408,8.80737424184231,8.8320122221157,8.85489473873823,8.87185768709161,8.87825976514438,8.88162945666663,8.86891988517952,8.83848757424343,8.80735653394086,8.78227219242749,..,..
Russian Federation,RUS,Population growth (annual %),SP.POP.GROW,0.0448964884428055,0.118045544446964,0.251575708072649,0.297503474179596,0.299667432459938,0.279352077762368,0.258751057379474,0.191382528772924,0.0721356165400605,0.037947213753429,-0.143202031827637,-0.343724409889771,-0.352843110363082,-0.285217600763343,-0.108858652841079,-0.108864402490546
Russian Federation,RUS,"Population, total",SP.POP.TOTL,142849468,143018195,143378447,143805638,144237223,144640716,145015460,145293260,145398106,145453291,145245148,144746762,144236933,143826130,143669648,143513328
Russian Federation,RUS,Poverty headcount ratio at $3.00 a day (2021 PPP) (% of population),SI.POV.DDAY,0.2,0.1,0.1,0.1,0.4,0.4,0.4,0.4,0.2,0.3,0.1,0.2,0.1,0.1,..,..
Russian Federation,RUS,Poverty headcount ratio at national poverty lines (% of population),SI.POV.NAHC,12.5,12.7,10.8,10.8,11.3,13.5,13.3,13,12.7,12.4,12.2,11.1,9,8.3,7.2,..
Russian Federation,RUS,"Prevalence of HIV, total (% of population ages 15-49)",SH.DYN.AIDS.ZS,..,..,..,..,..,..,..,..,..,..,..,..,..,..,..,..
Russian Federation,RUS,"Prevalence of underweight, weight for age (% of children under 5)",SH.STA.MALN.ZS,..,..,..,..,..,..,..,..,..,..,..,..,..,..,..,..
Russian Federation,RUS,"Primary completion rate, total (% of relevant age group)",SE.PRM.CMPT.ZS,..,90.6035107371303,95.7465279088341,94.7592351023246,95.0102648891861,97.3412824891549,94.9354115909758,..,99.5994932363399,100.024342021158,..,..,..,..,..,..
Russian Federation,RUS,"Revenue, excluding grants (% of GDP)",GC.REV.XGRT.GD.ZS,26.054156943742,29.1482849253086,27.2377003203952,26.5415005953221,27.1517347071711,24.4720476684928,24.2684308208386,24.4845856851678,27.5163963231875,27.4804517541099,27.6767173115632,26.5756609925752,26.9931011274882,29.0875573953717,27.8283526409365,..
Russian Federation,RUS,"School enrollment, primary (% gross)",SE.PRM.ENRR,..,96.133405106655,97.262229693837,96.9484148725836,97.4962712179576,98.3827760103169,98.3341307364642,100.767602587422,102.018364437962,101.832335105065,101.731047648404,100.890349270112,100.122558846483,97.7462041476013,..,..
Russian Federation,RUS,"School enrollment, primary and secondary (gross), gender parity index (GPI)",SE.ENR.PRSC.FM.ZS,..,0.99193000793457,0.99098002910614,0.991850018501282,0.988669991493225,0.988810002803802,0.991859972476959,0.983160018920898,0.977890014648438,0.979820013046265,..,..,..,..,..,..
Russian Federation,RUS,"School enrollment, secondary (% gross)",SE.SEC.ENRR,..,94.5758904929741,95.5384826756866,95.9993761959632,95.6056322692131,96.3292563031308,95.8434944997854,97.5206298303399,99.1831046517789,100.471744682473,91.5812884026933,92.171155276901,92.7729443625069,92.4840470838527,..,..
Russian Federation,RUS,Surface area (sq. km),AG.SRF.TOTL.K2,17098250,17098250,17098250,17098250,17098250,17098250,17098250,17098250,17098250,17098250,17125190,17125190,17125190,17125190,..,..
Russian Federation,RUS,Tax revenue (% of GDP),GC.TAX.TOTL.GD.ZS,13.048348846076,13.9542036796753,13.7546730412872,12.933492451261,13.2553613046452,10.6420948088217,9.18312209969854,10.2884056740183,11.4687676015317,10.938399737976,10.7991196203537,11.6966312097742,10.843690994035,12.2216011826161,10.8718510370824,..
Russian Federation,RUS,Terrestrial and marine protected areas (% of total territorial area),ER.PTD.TOTL.ZS,..,..,..,8.8,7.6,7.6,7.6,7.6,7.6,7.6,8.6,8.6,8.6,8.6,8.6,8.6
Russian Federation,RUS,"Total debt service (% of exports of goods, services and primary income)",DT.TDS.DECT.EX.ZS,11.6100086627986,7.24494906244521,7.85490540726053,8.0272962231187,14.7332666859639,24.1750459008327,25.0615584553868,17.7477650917829,19.5907816795631,17.9638207856384,25.830948676854,15.8967213886921,14.9742398829144,12.7444779701583,11.3520494753528,..
Russian Federation,RUS,Urban population growth (annual %),SP.URB.GROW,0.236150756779433,0.367299951595695,0.412807805363494,0.437509651578485,0.436395492452819,0.411745480856223,0.385757419294273,0.311953191766694,0.185227645677902,0.142519224434736,-0.0481880641867905,-0.265484886158326,-0.215408008986696,-0.117012537246107,0.0662456413333153,0.0756897354422241
Russian Federation,RUS,"Agriculture, forestry, and fishing, value added (% of GDP)",NV.AGR.TOTL.ZS,3.34389824902191,3.1507257212962,2.92603087775353,2.99360048776678,3.36060548804252,3.87310448732299,3.84021728459951,3.55363208990976,3.3942533806976,3.53030291392166,4.00635163401546,3.67156378990517,3.41890901633034,3.01939316812813,2.90575318707269,3.05735752541339
Russian Federation,RUS,"Inflation, consumer prices (annual %)",FP.CPI.TOTL.ZG,6.84939230255025,8.4404648593257,5.07474300799149,6.75466833903486,7.82016970013845,15.5343959935701,7.04243725413707,3.68333072334495,2.87831382614981,4.47202631837903,3.38219796948068,6.69445891957612,13.7436797398232,5.86571931748967,8.43486410496723,8.71986939402666
Russian Federation,RUS,"Unemployment, total (% of total labor force) (national estimate)",SL.UEM.TOTL.NE.ZS,7.407,6.571,5.484,5.513,5.212,5.615,5.591,5.238,4.871,4.513,5.62,4.749,3.867,3.076,2.43,2.135
Russian Federation,RUS,"Unemployment, total (% of total labor force) (modeled ILO estimate)",SL.UEM.TOTL.ZS,7.407,6.571,5.484,5.513,5.212,5.615,5.591,5.238,4.871,4.513,5.62,4.749,3.867,3.076,2.43,2.133
Russian Federation,RUS,Current account balance (% of GDP),BN.CAB.XOKA.GD.ZS,4.4233366535099,4.75452652542426,3.22793090052757,1.45817388483059,2.79290979175164,4.97088857375125,1.91643731021353,2.04412673615753,6.97989872935135,3.87612476973049,2.36911533657246,6.83107025995823,10.370132157734,2.41395767974471,2.85909027069263,1.68127939033566
Russian Federation,RUS,Real interest rate (%),FR.INR.RINR,-2.9550837319085,-12.8569352912719,0.176416618563869,3.93707019297023,3.39714683538317,7.8945935741024,9.48433377577098,4.9465474833995,-1.02935343449587,5.31670923121165,5.82526212499436,-9.32924566831166,-5.72652345869014,4.6537266293364,5.81969103265575,..
Russian Federation,RUS,"Foreign direct investment, net inflows (% of GDP)",BX.KLT.DINV.WD.GD.ZS,2.8308286983175,2.69236118071968,2.29079869889368,3.01940211363344,1.0698764102333,0.502607961400285,2.54849998807899,1.81409297475419,0.530060790633169,1.88851731564914,0.634851184443604,2.21136527873962,-1.73614086534944,-0.490895490828941,-0.427643327459558,0.895273062759947
Russian Federation,RUS,"Central government debt, total (% of GDP)",GC.DOD.TOTL.GD.ZS,9.09810564473106,8.64108194430582,8.55140859340356,9.06725564048848,11.2004612827286,13.5407657768558,14.2417395793548,16.3253741158845,16.1685789853238,17.2760484379376,22.992021036968,21.0287512612177,19.2810466629119,18.7312788319232,17.8500676833114,..
Russian Federation,RUS,Gross savings (% of GDP),NY.GNS.ICTR.ZS,26.283714313898,28.7575643096851,27.2441713507904,24.2820958381877,24.5121808211262,26.366709537342,25.0134122865718,25.6686851355845,28.9492684952112,26.5372798751328,25.7684981515278,29.8125329121196,33.3939222918452,30.2888471082987,30.841114469031,28.6401351543644
Russian Federation,RUS,GDP (constant 2015 US$),NY.GDP.MKTP.KD,1250664313051.12,1304443243531.73,1356935163522.96,1380755103933.22,1390921151171.34,1363482182197.71,1366122853556.84,1391077891792.47,1430116278514.33,1461551317111.73,1422766794859.9,1506233291829.03,1484613261468.36,1544986751583.49,1621026050317.24,1637255383314.57
Russian Federation,RUS,"Agriculture, forestry, and fishing, value added (annual % growth)",NV.AGR.TOTL.KD.ZG,-11.9809490609956,14.2126105411415,-1.44199439364277,3.91944591225528,2.83379768543253,2.88032076746822,1.78276669617685,1.49328360106962,1.7075728727112,3.45577600995379,0.176212171910819,0.446743344861318,6.94767104966307,0.0687027689935604,-3.44834639483412,2.34185312779118
Russian Federation,RUS,"Services, value added (% of GDP)",NV.SRV.TOTL.ZS,53.1202122391884,53.7975831653192,54.5096468238003,56.121604545822,55.6848306883462,56.1424909685464,57.012325152629,56.0327684706108,53.428805517337,54.1729442140787,56.3729429025777,54.205491260364,55.0801008273453,57.4391322777167,57.7050892731262,58.8772323584113
Russian Federation,RUS,"Services, value added (annual % growth)",NV.SRV.TOTL.KD.ZG,3.86489658331908,3.70088151551906,4.6966978600846,2.3475511172727,1.52636061513675,-2.0501076320914,-0.514627964069163,1.88957634871755,2.80092710628492,2.39356203649517,-1.95634541110024,7.23679279610583,-1.54223101640611,4.9191622760772,6.43121127990696,0.82452797899893
Russian Federation,RUS,Domestic credit to private sector (% of GDP),FS.AST.PRVT.GD.ZS,42.8400452491127,41.6986059819676,43.9139602428073,48.0247500537777,54.8322798937112,55.9520226893608,53.1024738337766,52.0765975053134,51.2433106717876,52.5614289246344,59.5836264990744,54.6422447762479,..,..,..,..
Saudi Arabia,SAU,"Adolescent fertility rate (births per 1,000 women ages 15-19)",SP.ADO.TFRT,17.943,17.689,17.237,16.147,15.908,15.177,14.963,14.657,14.249,12.803,11.266,10.467,10.29,11.114,11.076,..
Saudi Arabia,SAU,"Annual freshwater withdrawals, total (% of internal resources)",ER.H2O.FWTL.ZS,914.51388875,907.309027916667,900.104166666667,894.239583333333,894.708333333333,948.875,929.583333333333,955.958333333333,974.166666666667,974.166666666667,974.166666666667,974.166666666667,974.166666666667,..,..,..
Saudi Arabia,SAU,Births attended by skilled health staff (% of total),SH.STA.BRTC.ZS,97,..,..,98,..,98,98,99.7,99.4,94.8,..,..,..,..,..,..
Saudi Arabia,SAU,"Contraceptive prevalence, any method (% of married women ages 15-49)",SP.DYN.CONU.ZS,..,..,..,..,..,..,24.6463703881643,..,..,27.6,..,..,..,39.9921873361432,..,..
Saudi Arabia,SAU,Domestic credit provided by financial sector (% of GDP),FS.AST.DOMS.GD.ZS,..,..,..,..,..,..,..,..,..,..,..,..,..,..,..,..
Saudi Arabia,SAU,Electric power consumption (kWh per capita),EG.USE.ELEC.KH.PC,9119.88316860859,9027.02855869593,10145.6460027053,10244.6408565536,11159.7002155442,11233.9250281942,11051.1989359246,11201.0854380563,11788.7033837048,11876.2768471144,11360.9979047626,12074.531427185,11840.6013272821,11910.5778104451,..,..
Saudi Arabia,SAU,Energy use (kg of oil equivalent per capita),EG.USE.PCAP.KG.OE,7965.26121862505,7979.3799657336,7862.42354103658,7401.17130265584,7959.81351652344,7786.91651664863,7521.58911581712,7707.05632967392,7650.76338796016,7669.39905417665,7172.00803547452,7467.02479068822,7525.25321185534,7148.58725115291,..,..
Saudi Arabia,SAU,Exports of goods and services (% of GDP),NE.EXP.GNFS.ZS,49.5697145263124,55.2733461365779,53.1198476436365,50.3725164415794,45.0958458227862,31.4401316153804,29.1430897114591,32.3625378991189,35.5209831625769,32.159204977113,23.8098115262185,29.1556614026837,35.9850098955522,30.7559610678442,29.3880027930942,29.7448740074211
Saudi Arabia,SAU,"External debt stocks, total (DOD, current US$)",DT.DOD.DECT.CD,..,..,..,..,..,..,..,..,..,..,..,..,..,..,..,..
Saudi Arabia,SAU,"Fertility rate, total (births per woman)",SP.DYN.TFRT.IN,2.81,2.8,2.78,2.67,2.68,2.63,2.65,2.67,2.67,2.49,2.27,2.17,2.14,2.28,2.308,..
Saudi Arabia,SAU,"Foreign direct investment, net inflows (BoP, current US$)",BX.KLT.DINV.CD.WD,4878894395.25169,4683855881.26771,5035060850.94588,3371408456.52722,1509063087.30334,3970644084.62136,21954833889.956,1014062501.14036,12141122232.9039,3079217251.32355,1621264195.43532,28350373333.3333,26710062133.3333,22803498160.5828,21337562069.6656,32628095187.0899
Saudi Arabia,SAU,Forest area (sq. km),AG.LND.FRST.K2,9770,9770,9770,9770,9770,9770,9770,9770,9770,9770,9770,9770,9770,9770,..,..
Saudi Arabia,SAU,GDP (current US$),NY.GDP.MKTP.CD,528207466666.667,680660800000,751921333333.333,769755733333.333,787153066666.667,693414400000,689279466666.667,741266133333.333,886564800000,888890133333.333,767951200000,982661066666.667,1239075200000,1218584800000,1254140800000,1276942933333.33
Saudi Arabia,SAU,GDP growth (annual %),NY.GDP.MKTP.KD.ZG,5.0395150823517,11.758820686671,5.76157382270968,2.94563789152025,4.02467158380668,4.65512316652699,1.70404739202878,1.18210705878283,3.2269508901591,1.65158925617395,-3.80478901996312,6.51959698325419,12.0005874752929,0.542592439393161,2.64893068308965,4.50246560191663
Saudi Arabia,SAU,"GNI per capita, Atlas method (current US$)",NY.GNP.PCAP.CD,21820,24110,27610,28620,29080,26580,23940,23130,26570,29140,26940,30480,35110,36330,35990,36070
Saudi Arabia,SAU,"GNI per capita, PPP (current international $)",NY.GNP.PCAP.PP.CD,60470,65640,66750,63920,64410,55590,51050,53970,59930,60110,48210,63440,72460,72080,72440,74400
Saudi Arabia,SAU,"GNI, Atlas method (current US$)",NY.GNP.ATLS.CD,523124634152.456,604895180155.472,722564413103.638,790668359932.413,823131972078.421,792663574464.797,741069466022.265,716651129522.097,802358599850.711,875913448337.624,849879101967.349,938247510335.032,1129698327304.53,1224259479625.37,1270628099724.76,1333696983985.63
Saudi Arabia,SAU,"GNI, PPP (current international $)",NY.GNP.MKTP.PP.CD,1449902161510.65,1647148214309.85,1746871146006.31,1765588384301.35,1823364771611.67,1657563899310.71,1580191818012.66,1671908742590.68,1809520870407.34,1807034419579.96,1521224114374.55,1952887776474.82,2331293304358.02,2429192381940.75,2557004747910.91,2750822096954.53
Saudi Arabia,SAU,Gross capital formation (% of GDP),NE.GDI.TOTL.ZS,30.9262320159049,26.765793867763,26.4578386746131,26.2949562527888,28.5328325808043,32.4339384933454,28.1170520868555,25.4757265766537,22.3727056762612,25.5522842268021,23.3158218039549,26.3426467287873,26.5159908508109,29.7627433615344,31.6758054598016,31.625031115982
Saudi Arabia,SAU,High-technology exports (% of manufactured exports),TX.VAL.TECH.MF.ZS,0.750807775284491,0.590662977317962,0.661180453006294,0.712767946904906,0.590932385012284,0.787374421693095,1.30537351092227,0.734713774616693,0.544773695868422,0.644531120548462,0.605067588286761,0.305715240109385,0.29527343068195,0.590629141767828,0.544002126713625,..
Saudi Arabia,SAU,"Immunization, measles (% of children ages 12-23 months)",SH.IMM.MEAS,98,98,98,98,98,98,98,96,98,95,96,98,98,97,96,..
Saudi Arabia,SAU,Imports of goods and services (% of GDP),NE.IMP.GNFS.ZS,32.9799704964413,29.0860881073216,28.6208309025235,29.8789849870989,32.9042652949498,35.6651376146789,28.7785737995774,27.169441258704,23.5819273071372,24.6346155115383,23.7233476988295,21.728264937195,20.839154879381,25.0415071647045,27.0169346216948,28.1733498505598
Saudi Arabia,SAU,Income share held by lowest 20%,SI.DST.FRST.20,..,..,..,..,..,..,..,..,..,..,..,..,..,..,..,..
Saudi Arabia,SAU,"Industry (including construction), value added (% of GDP)",NV.IND.TOTL.ZS,58.0314401714882,63.0803869808085,61.9428982819125,58.9702568849547,56.1653404810043,44.6011697093878,42.5305962013279,44.8899324686986,49.0147439495304,45.7234459871756,38.3004545080469,45.957331100123,53.1237705884733,47.6052986491653,45.1706857794595,42.9716932273246
Saudi Arabia,SAU,"Inflation, GDP deflator (annual %)",NY.GDP.DEFL.KD.ZG,17.19132715029,15.3040052686061,4.45127893899043,-0.557375756926916,-1.69629054707285,-15.826929193662,-2.26181980307467,6.28576392488583,15.8625882829175,-1.36673070628761,-10.1884717880763,20.12699452585,12.5832067060847,-2.18442485707621,0.261941556781764,-2.56866456586341
Saudi Arabia,SAU,"Life expectancy at birth, total (years)",SP.DYN.LE00.IN,75.616,75.808,76.09,76.517,77.116,77.776,78.354,78.721,78.75,78.313,77.596,77.089,77.31,78.732,78.982,..
Saudi Arabia,SAU,Merchandise trade (% of GDP),TG.VAL.TOTL.GD.ZS,67.7775348878067,72.9122346989866,72.347195894606,70.6752774213395,65.5866084834326,54.5454493013125,46.9691925635968,48.0736922915315,48.6640119255806,46.6611096744465,40.6081792697244,43.6598146149544,48.5088394957788,43.2434410801776,42.9222141564966,44.2255472236191
Saudi Arabia,SAU,Military expenditure (% of GDP),MS.MIL.XPND.GD.ZS,8.56567729417753,7.17239914861776,7.61580760228465,8.89019141193183,10.5350604637453,13.022838193007,9.56048239449097,9.84622692397792,8.81333517624339,7.79458844216861,8.7921741101353,7.22921983667662,6.39742215278993,7.28424248969983,7.2981029390103,..
Saudi Arabia,SAU,Mobile cellular subscriptions (per 100 people),IT.CEL.SETS.P2,204.969243706992,206.851813084871,195.843368612361,189.475618447684,181.856566741136,176.134029034522,156.041476006361,130.629718239662,136.046169550913,135.526154774497,139.444194606554,145.003757775499,149.79788255308,157.775388696083,159.541370566589,..
Saudi Arabia,SAU,"Mortality rate, under-5 (per 1,000 live births)",SH.DYN.MORT,12.1,11.4,10.8,10.1,9.6,9,8.5,8,7.6,7.2,6.9,6.7,6.4,6.2,6,..
Saudi Arabia,SAU,Net barter terms of trade index (2015 = 100),TT.PRI.MRCH.XD.WD,130.8,160.6,157.8,155.7,150,100,89,111.9,125,127.7,113.2,149.4,182.5,168.1,168.9,..
Saudi Arabia,SAU,Net migration,SM.POP.NETM,504955,491253,479206,485794,469144,465292,-26997,-920812,-988751,191582,-74725,-106287,977072,325691,122170,119738
Saudi Arabia,SAU,Net official development assistance and official aid received (current US$),DT.ODA.ALLD.CD,..,..,..,..,..,..,..,..,..,..,..,..,..,..,..,..
Saudi Arabia,SAU,"Personal remittances, received (current US$)",BX.TRF.PWKR.CD.DT,236480000,243733333.333333,245920000,268773333.333333,273304000,295434400,317361866.666666,290788000,334914666.666666,334029333.333333,302253072.128874,294914319.733333,287040447.160888,312346189.32089,338466642.8878,350569478.584336
Saudi Arabia,SAU,Population density (people per sq. km of land area),EN.POP.DNST,11.1543929589848,11.6723187994548,12.1733184784783,12.8502267768841,13.1690025073383,13.8700845238151,14.399377584675,14.4101498355577,14.0468072140634,13.9851787932213,14.6777023663877,14.320382473752,14.9673785522564,15.6779493787476,..,..
Saudi Arabia,SAU,Population growth (annual %),SP.POP.GROW,-0.992481797243179,4.53867163626294,4.20264227505544,5.41149124124804,2.45043139330282,5.18685551856216,3.74506540506437,0.0747825622238132,-2.5537682578428,-0.439701419074031,4.833138517103,-2.46456261487283,4.41891994509507,4.63821572656175,4.63120232685885,4.63120314543082
Saudi Arabia,SAU,"Population, total",SP.POP.TOTL,23978487,25091867,26168861,27624004,28309273,29816382,30954198,30977355,30196281,30063799,31552510,30784383,32175224,33702731,35300280,36973555
Saudi Arabia,SAU,Poverty headcount ratio at $3.00 a day (2021 PPP) (% of population),SI.POV.DDAY,..,..,..,..,..,..,..,..,..,..,..,..,..,..,..,..
Saudi Arabia,SAU,Poverty headcount ratio at national poverty lines (% of population),SI.POV.NAHC,..,..,..,..,..,..,..,..,..,..,..,..,..,..,..,..
Saudi Arabia,SAU,"Prevalence of HIV, total (% of population ages 15-49)",SH.DYN.AIDS.ZS,0.1,0.1,0.1,0.1,0.1,0.1,0.1,0.1,0.1,0.1,0.1,0.1,0.1,0.1,0.1,..
Saudi Arabia,SAU,"Prevalence of underweight, weight for age (% of children under 5)",SH.STA.MALN.ZS,..,..,..,..,..,5.7,4.6,6.2,3.3,4,3.5,..,..,..,..,..
Saudi Arabia,SAU,"Primary completion rate, total (% of relevant age group)",SE.PRM.CMPT.ZS,..,122.333747126654,128.295324145239,97.6273059693596,..,..,..,101.135118731181,101.822296961428,98.6456357179814,96.9853243228005,96.6447425153456,119.840624867605,..,99.3614271083662,..
Saudi Arabia,SAU,"Revenue, excluding grants (% of GDP)",GC.REV.XGRT.GD.ZS,37.4031314968159,43.7821599245909,44.2080643187851,39.9298617327609,35.2372295909241,23.5623988579797,20.0963081210981,24.8765686836184,27.2458971226168,27.8140023653833,27.1487389649999,26.2005739264251,27.2926932054767,26.5289068800738,26.7720165625072,..
Saudi Arabia,SAU,"School enrollment, primary (% gross)",SE.PRM.ENRR,128.086135732352,128.024230557425,129.348001204547,99.3784710993113,100.7677674866,101.594836340679,103.42068748908,106.381546527147,105.80186450639,102.737519761619,103.151902576284,100.895579929087,102.13902539092,..,103.984471859469,..
Saudi Arabia,SAU,"School enrollment, primary and secondary (gross), gender parity index (GPI)",SE.ENR.PRSC.FM.ZS,..,..,..,..,..,1.00355005264282,0.956160008907318,0.957579970359802,0.977729976177216,0.960340023040771,0.974160015583038,0.988870024681091,..,..,..,..
Saudi Arabia,SAU,"School enrollment, secondary (% gross)",SE.SEC.ENRR,..,..,..,93.0168905157466,98.8496091524944,102.979200639837,105.491550199825,106.244903966787,106.376211565111,104.048257824894,104.411027399625,104.280975297041,122.158039993668,..,110.66346516974,..
Saudi Arabia,SAU,Surface area (sq. km),AG.SRF.TOTL.K2,2149690,2149690,2149690,2149690,2149690,2149690,2149690,2149690,2149690,2149690,2149690,2149690,2149690,2149690,..,..
Saudi Arabia,SAU,Tax revenue (% of GDP),GC.TAX.TOTL.GD.ZS,2.52961210191147,2.29968681414688,2.48458615351606,2.65185423323901,2.66292976817046,3.1461706015912,3.1718920134997,3.14428407190292,7.91853379846948,6.60159133895093,7.87620064642857,8.60534583399363,6.95344592187722,7.80440222909766,8.09115587851805,..
Saudi Arabia,SAU,Terrestrial and marine protected areas (% of total territorial area),ER.PTD.TOTL.ZS,..,..,..,28.3,28.3,28.3,4,4.6,4.5,4.5,4.5,4.5,4.5,14.2,17,17
Saudi Arabia,SAU,"Total debt service (% of exports of goods, services and primary income)",DT.TDS.DECT.EX.ZS,..,..,..,..,..,..,..,..,..,..,..,..,..,..,..,..
Saudi Arabia,SAU,Urban population growth (annual %),SP.URB.GROW,-0.730542307285643,4.75192586578209,4.4173573894565,5.62477081446307,2.66213572357898,5.39685181030722,3.95321083599584,0.280951636777265,-2.34971628714086,-0.237893478845003,5.03257353185149,-2.26763551328465,4.61320861357201,4.82974579214944,4.81983574967141,4.81682332632817
Saudi Arabia,SAU,"Agriculture, forestry, and fishing, value added (% of GDP)",NV.AGR.TOTL.ZS,2.61912238524459,2.15288829129967,2.06209514825132,2.14783287096443,2.27940419211986,2.75387031670143,2.91802299444676,2.83525700890872,2.41396154385256,2.45384656461481,2.95556974627207,2.44812792691627,2.21479159080364,2.45769245330047,2.50674671722133,2.58995651280475
Saudi Arabia,SAU,"Inflation, consumer prices (annual %)",FP.CPI.TOTL.ZG,5.33941733020905,5.8262163739404,2.86627029905053,3.51104209799866,2.24185348779063,1.22269318552328,2.05347076823965,-0.834845735027162,2.46594308994843,-1.19298644533328,3.37234961012303,3.06328988941548,2.47407371925372,2.32708518362706,1.68792112375809,2.08420853585036
Saudi Arabia,SAU,"Unemployment, total (% of total labor force) (national estimate)",SL.UEM.TOTL.NE.ZS,5.55,..,5.622,5.6,5.877,5.6,5.6,5.89,6.029,5.636,7.66,6.621,5.589,4.008,3.518,3.238
Saudi Arabia,SAU,"Unemployment, total (% of total labor force) (modeled ILO estimate)",SL.UEM.TOTL.ZS,5.55,5.77,5.622,5.6,5.877,5.6,5.6,5.89,6.029,5.636,7.66,6.621,5.589,4.008,3.518,3.038
Saudi Arabia,SAU,Current account balance (% of GDP),BN.CAB.XOKA.GD.ZS,13.5423706949189,23.8816335912652,22.8484723061974,18.3253067776542,9.86478118777849,-7.93818281494484,-3.91268584311643,1.2254608961689,7.89890750977747,3.64484004485364,-4.51692116727614,4.5697627196532,11.7294510759777,2.12936729495784,-1.29603148573183,-2.56365940191401
Saudi Arabia,SAU,Real interest rate (%),FR.INR.RINR,..,..,..,..,..,..,..,..,..,..,..,..,..,..,..,..
Saudi Arabia,SAU,"Foreign direct investment, net inflows (% of GDP)",BX.KLT.DINV.WD.GD.ZS,0.923670092367435,0.688133631504519,0.669626013751334,0.437984195574321,0.191711517264834,0.572622097928938,3.18518611850268,0.136801407151884,1.36945683303735,0.346411455797861,0.211115523412857,2.8850612174452,2.1556449627378,1.87130991298946,1.70136894275871,2.55517254024168
Saudi Arabia,SAU,"Central government debt, total (% of GDP)",GC.DOD.TOTL.GD.ZS,..,..,..,..,..,..,..,..,..,..,..,..,..,..,..,..
Saudi Arabia,SAU,Gross savings (% of GDP),NY.GNS.ICTR.ZS,45.0145711180152,51.0054091357496,49.5538369935862,44.8811644940871,38.7290353456033,24.8424808983873,24.5692652694717,27.1114700037557,30.6017689029822,29.8780476927332,19.9891456443216,30.4675118134255,38.6630478039538,31.8920685251131,30.3797594613497,28.8972909975013
Saudi Arabia,SAU,GDP (constant 2015 US$),NY.GDP.MKTP.KD,523453786400.721,585005778521.172,618711318317.787,636936313349.28,662570908159.594,693414400000,705230509999.152,713567089638.542,736593549189.516,748759049109.6,720270347023.097,767229070838.89,859301066620.788,863963569239.897,886849365316.209,926779452930.387
Saudi Arabia,SAU,"Agriculture, forestry, and fishing, value added (annual % growth)",NV.AGR.TOTL.KD.ZG,10.0330394787448,5.49141363450471,3.60131911794662,3.94282962688732,5.48431568119491,5.42241146742451,4.92956200262749,4.01936485992749,2.31199929665991,0.715261117093064,1.4671882556388,1.47577709788997,1.75559934899508,4.56792768866912,5.05752039035509,3.02657897413296
Saudi Arabia,SAU,"Services, value added (% of GDP)",NV.SRV.TOTL.ZS,38.6088698481102,34.0894612999603,35.2326927816917,38.1484481310781,40.7584259766165,51.6451922544441,53.5509157775579,51.4336551370844,46.0223400101906,49.0640913102722,54.5874963582755,45.8018349629672,40.2066530479076,44.7549539980038,46.8660828725664,48.9257259421251
Saudi Arabia,SAU,"Services, value added (annual % growth)",NV.SRV.TOTL.KD.ZG,8.74435284120977,9.27742567536447,7.27300520159,7.40868421050268,5.2441795746188,3.63489865878222,1.28106908297767,2.97983241791083,3.82121075466672,4.17611449713198,-2.37126446864697,7.28915830233854,7.90189383639459,5.83036547585516,9.08744307355693,6.26810765075503
Saudi Arabia,SAU,Domestic credit to private sector (% of GDP),FS.AST.PRVT.GD.ZS,39.1641936148322,33.6286944686693,35.5685109967177,39.0113411908332,42.5570781320296,52.7601798097453,54.375771847036,50.1375935809361,..,..,..,..,..,..,..,..
Spain,ESP,"Adolescent fertility rate (births per 1,000 women ages 15-19)",SP.ADO.TFRT,10.795,9.767,9.065,8.343,8.073,7.666,7.287,6.932,6.243,5.867,5.23,4.702,4.776,4.809,4.85,..
Spain,ESP,"Annual freshwater withdrawals, total (% of internal resources)",ER.H2O.FWTL.ZS,31.4847122302158,31.5377697841727,32.7032374100719,29.091726618705,29.5494604316547,28.339928057554,28.0764388489209,27.0629496402878,26.4469424460432,26.2720323741007,26.0971223021583,26.0971223021583,26.0971223021583,..,..,..
Spain,ESP,Births attended by skilled health staff (% of total),SH.STA.BRTC.ZS,..,..,..,..,..,99.9,..,..,99.9,99.9,99.9,..,..,..,..,..
Spain,ESP,"Contraceptive prevalence, any method (% of married women ages 15-49)",SP.DYN.CONU.ZS,..,..,..,..,..,..,..,..,62.0757,..,..,..,..,..,..,..
Spain,ESP,Domestic credit provided by financial sector (% of GDP),FS.AST.DOMS.GD.ZS,..,..,..,..,..,..,..,..,..,..,..,..,..,..,..,..
Spain,ESP,Electric power consumption (kWh per capita),EG.USE.ELEC.KH.PC,5706.56306279914,5599.35598067865,5573.37980168283,5411.22937919089,5358.28825602041,5477.30258018436,5504.26697031493,5605.86415235912,5556.79404205176,5418.86933117843,5089.18774012116,5236.4247812165,5179.76963260155,5117.82961999422,5196.11110519718,..
Spain,ESP,Energy use (kg of oil equivalent per capita),EG.USE.PCAP.KG.OE,2735.18257337486,2684.34318918947,2677.18038552382,2506.25540520067,2458.57177736167,2552.40125248088,2563.00704379932,2690.49733287835,2666.26079715432,2573.90442450746,2303.51311623486,2422.46704705393,2408.92811488939,2293.70814634203,2303.6111637731,..
Spain,ESP,Exports of goods and services (% of GDP),NE.EXP.GNFS.ZS,25.8278133398939,29.3884101095734,31.2997362842724,32.7554570166099,33.2193399291014,33.2986849561039,33.5770329849408,34.9003952055684,34.874813986254,34.6755629292261,30.4810248544563,33.7570843255301,39.6716824276836,37.8166476493913,37.0558792721708,36.6374813887545
Spain,ESP,"External debt stocks, total (DOD, current US$)",DT.DOD.DECT.CD,..,..,..,..,..,..,..,..,..,..,..,..,..,..,..,..
Spain,ESP,"Fertility rate, total (births per woman)",SP.DYN.TFRT.IN,1.37,1.34,1.32,1.27,1.32,1.33,1.33,1.31,1.26,1.23,1.18,1.18,1.16,1.12,1.1,..
Spain,ESP,"Foreign direct investment, net inflows (BoP, current US$)",BX.KLT.DINV.CD.WD,35969020812.8424,25874478945.7384,19250404232.1962,47143326585.2815,31972292815.4555,23777330434.0906,44962670965.5697,33577736758.6064,63958429156.7585,30322872791.4496,37683095972.4205,64626902393.5776,67459796903.6798,46961991977.1583,42778827261.0579,28088828118.0505
Spain,ESP,Forest area (sq. km),AG.LND.FRST.K2,185453.4,185465.08,185476.76,185488.44,185500.12,185511.8,185552.4,185593,185635.9,185678.8,185721.7,185764.6,185807.5,185850.4,..,..
Spain,ESP,GDP (current US$),NY.GDP.MKTP.CD,1427989078916.67,1487568659241.25,1330994811670.31,1362186923157.65,1380244561361.96,1206164777553.12,1243015667917.12,1321754088818.83,1431642809327.06,1403496387686.27,1289783836971.21,1461244901852.69,1448850658406.62,1619481980719.64,1725671652742.19,1906453309985.88
Spain,ESP,GDP growth (annual %),NY.GDP.MKTP.KD.ZG,0.0941223116369514,-0.639920636520344,-2.86511368637748,-1.42732224757626,1.52048593647231,4.06086672473866,2.91515598595787,2.89604207865007,2.39541124478878,1.96117850841711,-10.9400706350371,6.68314420473001,6.37031712129601,2.46085796805582,3.45525405630191,2.82495400578509
Spain,ESP,"GNI per capita, Atlas method (current US$)",NY.GNP.PCAP.CD,32060,31170,29710,29400,29350,28700,27760,27290,29530,30560,27410,30380,32690,32980,33550,37120
Spain,ESP,"GNI per capita, PPP (current international $)",NY.GNP.PCAP.PP.CD,31340,31450,31610,32400,33640,35200,37670,39810,41030,44090,39400,44550,51740,55480,57920,59830
Spain,ESP,"GNI, Atlas method (current US$)",NY.GNP.ATLS.CD,1493424857910.46,1457124652572.19,1389510667500.68,1369932590997.42,1363517940838.64,1332140437760.83,1289771494424.84,1270878045676.5,1381266801787.04,1439902451482.47,1298163119785.96,1441412052672.53,1562166007499.26,1594533730942.1,1638781067996.24,1832028264293.4
Spain,ESP,"GNI, PPP (current international $)",NY.GNP.MKTP.PP.CD,1459712211417.2,1470186758974.92,1478541705037.3,1510164493183.17,1562995294092.78,1634115594066.85,1750233410721.95,1853927864320.37,1919461600068.38,2077223317459.29,1865940373592.84,2113484119836.19,2472417122626.33,2682558678612.63,2829189104565.5,2952799673629.22
Spain,ESP,Gross capital formation (% of GDP),NE.GDI.TOTL.ZS,22.3988413816153,20.7135839205008,18.5944685336556,17.412338687976,18.1481477916625,19.3734408230247,19.0611122143393,19.5656670290524,20.7061758213476,20.9088226144802,20.6266482703898,21.8740337716536,22.6896137188078,21.1209265029601,21.1732200987249,21.4098077707284
Spain,ESP,High-technology exports (% of manufactured exports),TX.VAL.TECH.MF.ZS,6.5581983123657,6.58626399247907,7.25080663420199,6.97005295956388,6.91215361464722,6.88833506484239,7.80248141094868,6.99949013494316,6.76693548745416,6.84640091103014,7.76842135531122,9.39320382214351,12.5837187911388,9.56253561613111,9.28447661569937,..
Spain,ESP,"Immunization, measles (% of children ages 12-23 months)",SH.IMM.MEAS,95,97,97,95,96,96,97,98,98,98,96,95,97,96,97,..
Spain,ESP,Imports of goods and services (% of GDP),NE.IMP.GNFS.ZS,26.865556633508,29.1234127763898,29.2542984119139,28.9133156275228,30.1799222098486,30.2833562687193,29.6116448657886,31.2670509322886,32.1345964120382,31.6906621148431,28.9651031602513,32.7675046176609,38.7940514426218,33.9809889561819,32.8943819660923,32.8133446186236
Spain,ESP,Income share held by lowest 20%,SI.DST.FRST.20,6.3,6,6.1,5.7,5.7,5.8,5.8,6.2,6.2,6.2,6,6.4,6.6,6.5,..,..
Spain,ESP,"Industry (including construction), value added (% of GDP)",NV.IND.TOTL.ZS,22.985948966945,21.8871702738867,20.7992748782776,20.0279432010078,19.8695989889783,19.9230622051822,19.7937250159622,19.9047199031815,19.7385743840512,19.9779055762497,20.1193927811735,20.3165748530524,21.2234793725829,19.9575232630573,19.4537517327028,19.5755332062553
Spain,ESP,"Inflation, GDP deflator (annual %)",NY.GDP.DEFL.KD.ZG,0.292837731273394,-0.145958771821014,-0.202954992229195,0.438175032697188,-0.22068679671149,0.552441816045786,0.372182539615821,1.25794431812474,1.18735470237598,1.42867123652391,1.13391454164042,2.55611236501613,4.69383953106939,6.24520480258481,2.89236477965287,2.91471341715197
Spain,ESP,"Life expectancy at birth, total (years)",SP.DYN.LE00.IN,81.6268292682927,82.4756097560976,82.4268292682927,83.0780487804878,83.2292682926829,82.8317073170732,83.3292682926829,83.2829268292683,83.4317073170732,83.8317073170732,82.2317073170732,83.1780487804878,83.1341463414634,83.9341463414634,83.8878048780488,..
Spain,ESP,Merchandise trade (% of GDP),TG.VAL.TOTL.GD.ZS,40.7169780626823,45.9244012540875,47.527457992578,48.3363177847654,49.5124573666613,49.2573660793898,48.3422707782042,50.8046092446811,51.5013937272925,50.3576643446257,49.1949877035219,54.7251866532511,62.7891490901118,55.1018171627613,52.6076903771003,50.2725136241128
Spain,ESP,Military expenditure (% of GDP),MS.MIL.XPND.GD.ZS,1.3816644927099,1.32573618168037,1.41695174735802,1.26618872678062,1.24625944103127,1.25969265356283,1.12848106845526,1.22211082849583,1.24562475871831,1.22464525288942,1.35429599703865,1.33768901652321,1.4055469125943,1.4715775760116,1.43210737406914,..
Spain,ESP,Mobile cellular subscriptions (per 100 people),IT.CEL.SETS.P2,109.711571858447,111.899355043358,107.756074158579,107.038567264134,108.745818831037,109.391040801705,110.247061960011,112.030085134191,115.009066880916,116.69612128516,116.712041523767,118.999806936801,123.399528756795,127.715490236713,130.260997343256,..
Spain,ESP,"Mortality rate, under-5 (per 1,000 live births)",SH.DYN.MORT,3.8,3.7,3.6,3.5,3.4,3.3,3.3,3.2,3.2,3.2,3.2,3.2,3.2,3.2,3.2,..
Spain,ESP,Net barter terms of trade index (2015 = 100),TT.PRI.MRCH.XD.WD,108.6,103.4,101.3,101.3,100.4,100,101.2,99.8,97.6,98,100.4,96,92.5,93.7,93.6,..
Spain,ESP,Net migration,SM.POP.NETM,69406,60761,-153486,-250741,-97870,-1979,106474,201135,337467,464783,236854,144385,299779,119099,111674,96630
Spain,ESP,Net official development assistance and official aid received (current US$),DT.ODA.ALLD.CD,..,..,..,..,..,..,..,..,..,..,..,..,..,..,..,..
Spain,ESP,"Personal remittances, received (current US$)",BX.TRF.PWKR.CD.DT,1595954495.38238,1714254523.01135,2093910956.12591,3035756690.39567,3130366132.56346,2673407398.90466,2632183874.91622,3004745214.02338,3331709084.3956,3206846641.96424,3063400972.64944,3949650833.18905,4238854695.34633,5491470306.28597,6328874671.4828,6856048451.10184
Spain,ESP,Population density (people per sq. km of land area),EN.POP.DNST,93.1519309613808,93.5078358806114,93.5068371284061,93.169262909578,92.8824553687451,92.907597351004,92.9973717081295,93.2268622784207,93.638281089712,94.3181087826492,94.802910688937,94.9382927184248,95.626963633201,96.7636173412149,..,..
Spain,ESP,Population growth (annual %),SP.POP.GROW,0.460408305051304,0.355338396471428,0.0649259625617232,-0.361668780017733,-0.308309722343882,-0.0827492378541321,0.0771658726133905,0.243134086570712,0.451573724507016,0.716697775475724,0.510010189620998,0.178046695121711,0.718854879160094,1.17836618688432,1.02121260938381,1.03113431966787
Spain,ESP,"Population, total",SP.POP.TOTL,46576897,46742697,46773055,46604197,46460733,46422303,46458139,46571232,46782011,47118501,47359424,47443821,47786102,48352528,48848840,49355143
Spain,ESP,Poverty headcount ratio at $3.00 a day (2021 PPP) (% of population),SI.POV.DDAY,0.7,1.3,1,1.3,0.9,1.1,1.3,0.8,1,0.9,1.1,0.7,0.8,0.8,..,..
Spain,ESP,Poverty headcount ratio at national poverty lines (% of population),SI.POV.NAHC,20.6,20.8,20.4,22.2,22.1,22.3,21.6,21.5,20.7,21,21.7,20.4,20.2,..,..,..
Spain,ESP,"Prevalence of HIV, total (% of population ages 15-49)",SH.DYN.AIDS.ZS,0.4,0.4,0.4,0.4,0.4,0.4,0.4,0.4,0.3,0.3,0.3,0.3,0.3,0.3,0.3,..
Spain,ESP,"Prevalence of underweight, weight for age (% of children under 5)",SH.STA.MALN.ZS,..,..,..,..,..,..,..,..,..,..,..,..,..,..,..,..
Spain,ESP,"Primary completion rate, total (% of relevant age group)",SE.PRM.CMPT.ZS,99.1982269287109,96.4892272949219,96.8130035400391,96.722297668457,96.7288665771484,96.4200820922852,95.1183319091797,97.2612533569336,96.2998123168945,97.4073715209961,96.6411819458008,99.2358779907227,98.1926498413086,99.5605087280273,98.5145568847656,..
Spain,ESP,"Revenue, excluding grants (% of GDP)",GC.REV.XGRT.GD.ZS,26.4248545924643,25.9231395446762,25.8732928943477,27.9219462351753,28.3139018373375,27.5393887658309,27.1288470631817,27.0360266114199,27.752508504664,27.8396917947532,29.2233358778761,30.1223659907048,29.7429322541561,29.6492564568045,29.6705826271851,..
Spain,ESP,"School enrollment, primary (% gross)",SE.PRM.ENRR,101.211227416992,100.813041687012,100.473442077637,103.246879577637,102.77628326416,102.487281799316,102.526252746582,102.921058654785,103.118812561035,103.661293029785,103.884178161621,103.363586425781,102.984786987305,103.002769470215,102.936981201172,..
Spain,ESP,"School enrollment, primary and secondary (gross), gender parity index (GPI)",SE.ENR.PRSC.FM.ZS,1.01059997081757,1.00387001037598,1.00144994258881,1.00694000720978,1.00707995891571,1.00452995300293,1.0102299451828,1.01564002037048,1.01686000823975,1.02180004119873,1.02069997787476,..,..,..,..,..
Spain,ESP,"School enrollment, secondary (% gross)",SE.SEC.ENRR,122.622512817383,126.152786254883,127.786712646484,126.814498901367,125.537757873535,125.170799255371,123.736541748047,121.1416015625,120.109077453613,119.379127502441,118.338188171387,120.135841369629,119.646171569824,118.361709594727,118.537803649902,..
Spain,ESP,Surface area (sq. km),AG.SRF.TOTL.K2,505600,505600,505940,505940,505940,505924,505935,505935.23,505957.289,505952.796,505969.891,505964.594,505978.281,505975.98,..,..
Spain,ESP,Tax revenue (% of GDP),GC.TAX.TOTL.GD.ZS,12.3552539351712,11.8256931383282,11.7062948133333,13.5446525722175,14.0482352839264,14.0820816990338,13.6838393292056,13.6257034043746,14.1254961741386,13.6580229877723,13.4462555370373,14.8775287865224,15.471017099813,15.0007244146429,14.934361142298,..
Spain,ESP,Terrestrial and marine protected areas (% of total territorial area),ER.PTD.TOTL.ZS,..,..,..,11.1,10.1,14.1,15,14.9,15,17.9,17.9,17.9,17.9,17.9,17.9,22.1
Spain,ESP,"Total debt service (% of exports of goods, services and primary income)",DT.TDS.DECT.EX.ZS,..,..,..,..,..,..,..,..,..,..,..,..,..,..,..,..
Spain,ESP,Urban population growth (annual %),SP.URB.GROW,0.743336144037304,0.586344690751714,0.255570003702746,-0.183959209085648,-0.138977335776509,0.0761470636066789,0.223572706593592,0.375011440683515,0.566879348329503,0.813398442437862,0.586068440110494,0.289728913503661,0.932021198321377,1.39526821791619,1.25395229298248,1.27950255057166
Spain,ESP,"Agriculture, forestry, and fishing, value added (% of GDP)",NV.AGR.TOTL.ZS,2.41740898393438,2.3625185975353,2.39776671776239,2.60946207875576,2.52697678134345,2.72327046339292,2.81522075003094,2.80344676690393,2.70128254621885,2.51980122994951,2.78468031745976,2.76824927112995,2.36964000049424,2.6062235563618,2.75300596488807,2.68233093402373
Spain,ESP,"Inflation, consumer prices (annual %)",FP.CPI.TOTL.ZG,1.79986457728769,3.19610188833792,2.44612782366809,1.40858109183009,-0.151114837527235,-0.500365709903243,-0.202598000426358,1.95607633363954,1.67498136863799,0.699518994458648,-0.322753017299649,3.09313511976402,8.39057634118637,3.53236133492433,2.747147886618,2.699932857627
Spain,ESP,"Unemployment, total (% of total labor force) (national estimate)",SL.UEM.TOTL.NE.ZS,19.86,21.39,24.789,26.094,24.441,22.057,19.635,17.224,15.255,14.104,15.532,14.914,13.033,12.179,11.344,10.5
Spain,ESP,"Unemployment, total (% of total labor force) (modeled ILO estimate)",SL.UEM.TOTL.ZS,19.86,21.39,24.789,26.094,24.441,22.057,19.635,17.224,15.255,14.104,15.532,14.914,13.033,12.179,11.4,10.376
Spain,ESP,Current account balance (% of GDP),BN.CAB.XOKA.GD.ZS,-3.57734356702049,-2.5892900858806,0.125923054524353,2.07791536141213,1.73595007328569,2.03697429462383,3.15808866042231,2.82857699785743,1.86142647160726,2.11978917805627,0.819280213926571,0.765004613238447,0.379418337465124,2.73246084042227,3.18327391138733,2.93829577885389
Spain,ESP,Real interest rate (%),FR.INR.RINR,..,..,..,..,..,..,..,..,..,..,..,..,..,..,..,..
Spain,ESP,"Foreign direct investment, net inflows (% of GDP)",BX.KLT.DINV.WD.GD.ZS,2.51885825626411,1.73938048405349,1.44631700014204,3.4608559063245,2.31642230011085,1.97131692755332,3.61722479660389,2.54039212306223,4.46748509754483,2.16052375036307,2.92165980781023,4.42272902452136,4.65609043363165,2.89981565316893,2.47896679493344,1.47335515487964
Spain,ESP,"Central government debt, total (% of GDP)",GC.DOD.TOTL.GD.ZS,49.9611949485467,57.7899857640377,77.446159411603,91.8693310672975,104.927837414283,104.513601500945,105.968137016467,106.577780516625,107.203121919581,111.293101240882,138.955245532848,132.547539168518,109.021131387118,107.392919205272,105.639074777338,..
Spain,ESP,Gross savings (% of GDP),NY.GNS.ICTR.ZS,18.8360772554486,18.1071083357155,18.7454846382291,19.498635402446,19.9138851450232,21.4157589741659,22.2096745788576,22.3642572421609,22.5830072433622,23.0359300693753,21.4222997293511,22.6413419908449,23.1081867469823,23.850490935783,24.3518457211748,24.324531738509
Spain,ESP,GDP (constant 2015 US$),NY.GDP.MKTP.KD,1200112046037.65,1192432281393.69,1158267740898.69,1141735527746.35,1159095455877.44,1206164777553.12,1241326362266.48,1277275696051.09,1307871701701.25,1333521400432.69,1187633217292.02,1267004457826.92,1347716659731.45,1380882052539.27,1428595035672.37,1468952188359.05
Spain,ESP,"Agriculture, forestry, and fishing, value added (annual % growth)",NV.AGR.TOTL.KD.ZG,2.60242205617109,5.15534189567339,-9.18426529289346,13.8322251023705,-1.16167783241478,4.83154696317072,4.50375844056568,-3.48674184699786,4.1937725004737,-2.77020064254107,-1.97942643391521,7.04404515821275,-16.8686868686869,3.43077692802515,10.8043673554004,1.18494496242477
Spain,ESP,"Services, value added (% of GDP)",NV.SRV.TOTL.ZS,66.4836210538043,67.9189474964676,68.7981435648343,68.7816140367298,68.7044311125955,68.2307802691903,68.1684323760182,67.9841610086631,68.1207909749925,68.2703336497276,68.3951846151394,67.4549201359154,67.6016434775846,68.6891967410021,68.9025484059134,68.3569115290146
Spain,ESP,"Services, value added (annual % growth)",NV.SRV.TOTL.KD.ZG,1.0248988313122,1.10518363520973,-1.29113252493099,-0.347625952878261,1.21846535043395,3.31502643157862,2.31770494230952,3.06685315662536,2.84872762401444,2.08713666084029,-10.9520509802068,6.95442868832932,8.4315631586402,3.60159296718608,4.0106859666403,3.18630117399859
Spain,ESP,Domestic credit to private sector (% of GDP),FS.AST.PRVT.GD.ZS,171.325123358508,167.027107954599,157.434331694924,145.759575372544,129.358996447371,118.216890256018,110.901834158974,105.15698823272,98.8298869234399,94.4116262931619,107.572523897153,98.4256244971566,88.1124065404768,78.3496832939301,74.2192017963659,..
Switzerland,CHE,"Adolescent fertility rate (births per 1,000 women ages 15-19)",SP.ADO.TFRT,3.96,3.536,3.429,3.119,2.963,2.76,2.829,2.494,2.334,1.992,1.671,1.471,1.386,1.483,1.48,..
Switzerland,CHE,"Annual freshwater withdrawals, total (% of internal resources)",ER.H2O.FWTL.ZS,5.21584158415842,5.08873762376238,4.95049504950495,4.25742574257426,4.21782178217822,4.22256683168317,4.21782178217822,4.21782178217822,4.21782178217822,4.21782178217822,4.21782178217822,4.21782178217822,4.21782178217822,..,..,..
Switzerland,CHE,Births attended by skilled health staff (% of total),SH.STA.BRTC.ZS,..,..,..,..,..,..,..,..,..,..,..,..,..,..,..,..
Switzerland,CHE,"Contraceptive prevalence, any method (% of married women ages 15-49)",SP.DYN.CONU.ZS,..,..,72.9594,..,..,..,..,71.6,..,..,..,..,..,..,..,..
Switzerland,CHE,Domestic credit provided by financial sector (% of GDP),FS.AST.DOMS.GD.ZS,..,..,..,..,..,..,..,..,..,..,..,..,..,..,..,..
Switzerland,CHE,Electric power consumption (kWh per capita),EG.USE.ELEC.KH.PC,8174.53595945972,7928.19066988289,7886.09430625342,7806.44071844621,7520.04390467829,7500.48657417491,7481.84296394102,7584.85726185067,7436.28769806758,7356.96093888479,7203.03277304085,7398.77760425414,7422.84912718204,7174.96649162285,7117.25238857411,..
Switzerland,CHE,Energy use (kg of oil equivalent per capita),EG.USE.PCAP.KG.OE,3323.41218501892,3181.06687778874,3175.97090168674,3274.49948136129,3031.17447656808,2927.96015319396,2819.83095943189,2809.47945669194,2806.4991558403,2857.15819180217,2690.39023280182,2619.80556120156,2591.92141040481,2511.37154209497,2491.51225467078,..
Switzerland,CHE,Exports of goods and services (% of GDP),NE.EXP.GNFS.ZS,64.3662982851714,66.2018319881441,67.4290703358076,71.5387969810933,64.7317061911352,63.254588058839,66.2372910110226,65.6423588005133,66.7444127590223,66.1484505764437,63.5682266863333,69.9421328454497,74.9648944789973,70.3187381654557,71.202289539209,78.0527434720482
Switzerland,CHE,"External debt stocks, total (DOD, current US$)",DT.DOD.DECT.CD,..,..,..,..,..,..,..,..,..,..,..,..,..,..,..,..
Switzerland,CHE,"Fertility rate, total (births per woman)",SP.DYN.TFRT.IN,1.52,1.52,1.52,1.52,1.54,1.54,1.54,1.52,1.52,1.48,1.46,1.52,1.39,1.33,1.29,..
Switzerland,CHE,"Foreign direct investment, net inflows (BoP, current US$)",BX.KLT.DINV.CD.WD,17670735602.9225,20764483834.5029,39943494321.6384,-24926465856.5785,21003091521.7733,120722433557.54,170848654800.932,146779212954.995,-161796242279.339,22355117767.168,-238563810399.583,-120778435587.715,-12414047154.6242,-115458607844.803,-108395568633.839,-12285721335.7918
Switzerland,CHE,Forest area (sq. km),AG.LND.FRST.K2,12347.2,12381.58,12415.96,12450.34,12484.72,12519.1,12553.5,12587.9,12622.3,12656.7,12691.1,12725.5,12759.9,12794.3,..,..
Switzerland,CHE,GDP (current US$),NY.GDP.MKTP.CD,609999593541.9,727231637101.778,697882536676.898,718748402259.576,741168119616.628,706199008878.656,698607778794.566,706660443624.485,740766531453.991,736384764156.877,756096180222.082,840710023481.35,858479038993.75,928435275851.707,969919786394.884,1043529899250.92
Switzerland,CHE,GDP growth (annual %),NY.GDP.MKTP.KD.ZG,3.26063082122047,1.40766067483813,1.12413575027705,1.83612392927999,2.54342347675991,1.45450336491099,1.91159094214852,1.42034612231261,3.32743256101493,1.11532187197474,-2.2552579425106,6.17622836050151,3.53430286842426,0.825560934124624,1.39033363875791,1.30007790958307
Switzerland,CHE,"GNI per capita, Atlas method (current US$)",NY.GNP.PCAP.CD,80400,82540,88060,92160,90030,88150,84250,81790,84760,84160,83150,91900,97920,98160,99920,110330
Switzerland,CHE,"GNI per capita, PPP (current international $)",NY.GNP.PCAP.PP.CD,58300,58770,61460,63790,64660,66930,67640,68110,70030,72030,71700,80840,91180,89980,94430,101690
Switzerland,CHE,"GNI, Atlas method (current US$)",NY.GNP.ATLS.CD,629134014923.559,653100793532.81,704196129661.15,745501352257.071,737187187270.263,730071112231.302,705415742253.08,691284534228.162,721682844810.611,721654972473.581,718252101069.854,799983814794.207,859478035412.255,872549737661.839,899794735946.09,1003145370981.58
Switzerland,CHE,"GNI, PPP (current international $)",NY.GNP.MKTP.PP.CD,456219891635.877,465022626157.53,491501231773.671,516047445879.994,529457414226.414,554347396488.999,566410562237.29,575639958420.904,596250741884.768,617639917927.205,619341088757.347,703694739775.743,800292976649.386,799806700586.411,850434937788.901,924653872701.396
Switzerland,CHE,Gross capital formation (% of GDP),NE.GDI.TOTL.ZS,26.3569227706682,28.7441224133593,27.1030209487493,25.7348146586546,26.3311648855109,25.9410074917815,26.6210457356761,27.1836865705199,27.2924547005501,27.8910708551059,31.3016462281195,28.1537223975792,26.6594304095158,28.5542320055981,26.7253398015124,29.4875351254104
Switzerland,CHE,High-technology exports (% of manufactured exports),TX.VAL.TECH.MF.ZS,25.8090118685212,25.2735394877831,26.0587678960902,26.7510678341774,26.6587283403628,27.0515100038866,27.335457169438,14.0238568621919,13.3182169315591,12.9094936723953,12.8450867094278,14.2350632729725,29.9881397976664,29.3340286978728,29.6239015157944,..
Switzerland,CHE,"Immunization, measles (% of children ages 12-23 months)",SH.IMM.MEAS,92,93,93,93,94,94,94,95,95,95,97,95,96,95,96,..
Switzerland,CHE,Imports of goods and services (% of GDP),NE.IMP.GNFS.ZS,54.836162238006,58.8455355704939,58.4368702528801,61.2617383404455,54.4988246027965,53.1154318728083,56.7044441677562,57.3060367886332,56.755416947834,56.8740592564204,57.8828739234285,58.0619868071113,61.2709765693661,59.4184563829442,59.1522265023689,69.109307845911
Switzerland,CHE,Income share held by lowest 20%,SI.DST.FRST.20,7.8,7.9,8.1,7.9,7.8,7.8,7.7,7.7,7.5,7.4,7.5,7.5,7.4,..,..,..
Switzerland,CHE,"Industry (including construction), value added (% of GDP)",NV.IND.TOTL.ZS,24.9427027614324,25.388295742135,25.0356403228036,25.1241594165101,24.8339450953448,24.7414169599893,24.8224218751812,24.9653992896239,25.1021330566529,25.7648791839408,25.8222063386564,26.7731802845588,25.9746436885308,25.8710535844701,25.4190930940157,25.0018306550161
Switzerland,CHE,"Inflation, GDP deflator (annual %)",NY.GDP.DEFL.KD.ZG,0.450962932080756,0.106195288162908,0.202360443823196,-0.0298102053788796,-0.604994160396473,-1.34498887233339,-0.609327083693216,-0.335050388266879,0.749224961797083,-0.0903364764452448,-0.760827705552742,1.9347982166607,3.05129732588081,0.933967686103571,0.965863084352208,0.287330415481463
Switzerland,CHE,"Life expectancy at birth, total (years)",SP.DYN.LE00.IN,82.2463414634147,82.6951219512195,82.6975609756098,82.7975609756098,83.1975609756098,82.8975609756098,83.6024390243903,83.5512195121951,83.7536585365854,83.9048780487805,83,83.7512195121951,83.6048780487805,84.1560975609756,84.4073170731707,..
Switzerland,CHE,Merchandise trade (% of GDP),TG.VAL.TOTL.GD.ZS,60.9656143933898,60.921304491872,87.0220944189022,94.5200014169421,79.1918843330174,76.8546816373766,82.0242799169441,80.5814171625822,79.6846205836801,80.3607066310694,80.8493702243606,83.7700253749411,88.2733259146607,84.6150529210911,84.4670880511817,101.730578181041
Switzerland,CHE,Military expenditure (% of GDP),MS.MIL.XPND.GD.ZS,0.687220165933277,0.694782257657599,0.669001710434324,0.712636242390875,0.634898338463689,0.651341082840214,0.664750475412517,0.66568455676088,0.652876569793988,0.696324324760463,0.772558973227674,0.67289247365512,0.682061302644033,0.705659021596424,0.717812077671144,..
Switzerland,CHE,Mobile cellular subscriptions (per 100 people),IT.CEL.SETS.P2,123.236153760539,127.39653885362,132.03116268359,136.551244178553,136.137729869778,135.723075533919,134.235676338144,131.169694242519,126.681143927488,126.920635838501,127.376373489656,123.21236546636,123.971228075124,130.221876609608,129.471369643132,..
Switzerland,CHE,"Mortality rate, under-5 (per 1,000 live births)",SH.DYN.MORT,4.6,4.5,4.4,4.4,4.3,4.3,4.2,4.1,4.1,4,4,4,3.9,3.9,3.9,..
Switzerland,CHE,Net barter terms of trade index (2015 = 100),TT.PRI.MRCH.XD.WD,99.2,96.1,95.6,94.1,94.9,100,101.7,101.6,103.3,105.5,107.7,104.6,97.5,95.8,97.9,..
Switzerland,CHE,Net migration,SM.POP.NETM,76388,67194,67840,83823,78122,71876,71009,45658,41253,44517,55523,50665,96424,45098,40099,37253
Switzerland,CHE,Net official development assistance and official aid received (current US$),DT.ODA.ALLD.CD,..,..,..,..,..,..,..,..,..,..,..,..,..,..,..,..
Switzerland,CHE,"Personal remittances, received (current US$)",BX.TRF.PWKR.CD.DT,2795659037.54217,3052047215.0645,2636075446.76299,2693902182.86792,2693250343.05959,2750260455.07704,2789758509.40625,2924805531.08435,2878850443.11536,2885184564.62178,3107610190.42699,3213702530.70222,3319717876.69724,3490357832.22132,3635806741.16748,3872417811.47974
Switzerland,CHE,Population density (people per sq. km of land area),EN.POP.DNST,198.032658685794,200.249864435738,202.390548012367,204.734336607627,207.250751433234,209.626620751132,211.931572125581,213.918480127503,215.500094533915,217.042781721823,218.63446962171,220.31454103721,222.150599739861,224.978619136651,..,..
Switzerland,CHE,Population growth (annual %),SP.POP.GROW,1.0415580576588,1.11187894263206,1.06181932886789,1.14987975781229,1.22010397343287,1.13833715247736,1.09203117387253,0.933155888738653,0.736633975172522,0.713313668444329,0.730676195047382,0.765501039496593,0.829927183900371,1.26498425447772,1.30500749907811,0.95982517858888
Switzerland,CHE,"Population, total",SP.POP.TOTL,7824909,7912398,7996861,8089346,8188649,8282396,8373338,8451840,8514329,8575280,8638167,8704546,8777088,8888822,9005582,9092436
Switzerland,CHE,Poverty headcount ratio at $3.00 a day (2021 PPP) (% of population),SI.POV.DDAY,0.1,0,0,0,0,0,0,0,0,0,0.1,0,0.2,..,..,..
Switzerland,CHE,Poverty headcount ratio at national poverty lines (% of population),SI.POV.NAHC,15,15.9,14.5,13.8,15.6,14.7,15.5,14.6,16,15.5,14.7,15.8,..,..,..,..
Switzerland,CHE,"Prevalence of HIV, total (% of population ages 15-49)",SH.DYN.AIDS.ZS,0.2,0.2,0.2,0.2,0.2,0.2,0.2,0.2,0.2,0.2,0.2,0.2,0.2,0.2,0.2,..
Switzerland,CHE,"Prevalence of underweight, weight for age (% of children under 5)",SH.STA.MALN.ZS,..,..,..,..,..,..,..,..,..,..,..,..,..,..,..,..
Switzerland,CHE,"Primary completion rate, total (% of relevant age group)",SE.PRM.CMPT.ZS,97.018913269043,96.6746292114258,96.8369369506836,94.0501098632812,96.4781188964844,96.6313629150391,94.9024276733398,95.3591537475586,94.4237213134766,93.5932235717773,94.2758178710938,95.4812088012695,95.063606262207,96.9121017456055,94.0101089477539,..
Switzerland,CHE,"Revenue, excluding grants (% of GDP)",GC.REV.XGRT.GD.ZS,16.7570309618411,17.0204705782466,16.8820707672757,17.0630175856024,16.7940659042687,17.4425711163385,17.1825578506438,17.8602264522892,17.3128292549519,17.5412813619987,17.5596126960116,17.8759318349441,16.5821202856393,16.4314755896018,17.0377930492166,..
Switzerland,CHE,"School enrollment, primary (% gross)",SE.PRM.ENRR,103.392906188965,102.482177734375,102.130638122559,102.437759399414,102.470817565918,102.15592956543,101.902526855469,101.83332824707,101.837242126465,101.593048095703,101.731712341309,101.478240966797,101.363067626953,102.282958984375,101.21174621582,..
Switzerland,CHE,"School enrollment, primary and secondary (gross), gender parity index (GPI)",SE.ENR.PRSC.FM.ZS,0.981530010700226,0.983799993991852,0.983169972896576,0.985319972038269,..,0.979340016841888,0.97613000869751,0.973230004310608,0.970459997653961,0.968580007553101,0.968540012836456,..,..,..,..,..
Switzerland,CHE,"School enrollment, secondary (% gross)",SE.SEC.ENRR,96.6068572998047,97.1951599121094,98.3727416992188,101.221382141113,..,103.913391113281,104.09513092041,103.900062561035,104.188026428223,104.071113586426,104.211616516113,103.605186462402,103.392356872559,102.965591430664,101.4287109375,..
Switzerland,CHE,Surface area (sq. km),AG.SRF.TOTL.K2,41290.7,41290.7,41290.7,41290.7,41290.7,41290.7,41290.7,41290.7,41290.7,41290.7,41290.7,41290.7,41290.7,41290.7,..,..
Switzerland,CHE,Tax revenue (% of GDP),GC.TAX.TOTL.GD.ZS,9.19286817269329,9.1765464380625,9.01847801766021,9.09506270036349,8.90795970905942,9.39270313942645,9.26039475722743,9.8984700509562,9.49219965553179,9.70515170008792,9.17064392578746,9.76589495822998,8.67608837627688,8.67373936064534,9.45066745280502,..
Switzerland,CHE,Terrestrial and marine protected areas (% of total territorial area),ER.PTD.TOTL.ZS,..,..,..,24.8,9.7,9.7,9.7,9.7,9.7,10,12,12.1,12.1,12.1,12.5,12.5
Switzerland,CHE,"Total debt service (% of exports of goods, services and primary income)",DT.TDS.DECT.EX.ZS,..,..,..,..,..,..,..,..,..,..,..,..,..,..,..,..
Switzerland,CHE,Urban population growth (annual %),SP.URB.GROW,1.0885075863757,1.16880614347861,1.19976938479998,1.63663900845104,2.06407361513105,2.28801875626482,2.49498706086045,2.53743050638578,2.49181868216515,2.5713770284745,2.64636277763181,2.99801654408171,1.68136719136955,1.57630897563029,1.62862712515389,1.27021259360449
Switzerland,CHE,"Agriculture, forestry, and fishing, value added (% of GDP)",NV.AGR.TOTL.ZS,0.660915423473041,0.676018757141646,0.633709414014706,0.660494448808131,0.704200947707509,0.616778703156649,0.654422804507368,0.63541491743859,0.631437161415847,0.642940291854216,0.696554620330853,0.61398916783592,0.59797791296259,0.609392602614754,0.609491823525514,0.644624328848247
Switzerland,CHE,"Inflation, consumer prices (annual %)",FP.CPI.TOTL.ZG,0.688238707219975,0.2313492076509,-0.692552018105163,-0.217323155115673,-0.0132025387515946,-1.14390867228178,-0.434618664285815,0.533787839825876,0.936335464113572,0.362886179940674,-0.725874933313403,0.581814168489856,2.83502798644451,2.13540088016387,1.06234041976595,0.154376978290185
Switzerland,CHE,"Unemployment, total (% of total labor force) (national estimate)",SL.UEM.TOTL.NE.ZS,4.808,4.409,4.491,4.747,4.826,4.801,4.918,4.797,4.713,4.394,4.817,5.013,4.122,4.043,4.343,4.841
Switzerland,CHE,"Unemployment, total (% of total labor force) (modeled ILO estimate)",SL.UEM.TOTL.ZS,4.808,4.409,4.491,4.747,4.826,4.801,4.918,4.797,4.713,4.394,4.817,5.013,4.122,4.043,4.343,4.873
Switzerland,CHE,Current account balance (% of GDP),BN.CAB.XOKA.GD.ZS,13.5122041081735,6.78869248151288,9.26545401355282,10.0987695815989,7.31047606764298,9.03526946600204,7.11825025698579,5.23116441578826,5.9935622611881,4.02412129092586,0.439023949410653,7.43974843118479,8.95592029075919,5.86347462172406,8.88762829753527,6.98382706222827
Switzerland,CHE,Real interest rate (%),FR.INR.RINR,2.2721239644022,2.60936702034393,2.48095242317555,2.71978764632879,3.31505001942823,4.08070726428383,3.27595503161714,2.97244826605666,1.86423333008114,2.72572197763753,3.42170770997997,0.691676551914475,-0.392594368577514,1.91231932517749,1.99106735882213,..
Switzerland,CHE,"Foreign direct investment, net inflows (% of GDP)",BX.KLT.DINV.WD.GD.ZS,2.8968438323572,2.85527784754459,5.72352684333341,-3.46803774147053,2.83378237216102,17.0946761521558,24.4555901017489,20.7708262545671,-21.8417322340093,3.03579308743079,-31.5520454460584,-14.366241892487,-1.44605128264693,-12.43582733744,-11.1757250603926,-1.17732336606846
Switzerland,CHE,"Central government debt, total (% of GDP)",GC.DOD.TOTL.GD.ZS,20.6098805096939,20.8122296243624,20.9939249927212,19.8661577696882,20.2043865151802,20.0896435277265,19.0838082260798,19.9554681912168,18.2949120373139,18.567762730375,20.4633377506952,19.3367603778384,16.9722395480807,19.1539698862517,22.2786942016816,..
Switzerland,CHE,Gross savings (% of GDP),NY.GNS.ICTR.ZS,40.0247978926619,35.899139925548,36.4841396511099,35.9487257790326,33.9653977172511,35.2371146450826,33.9368664565703,32.4328073824832,33.3887858370377,31.8152468431882,31.9985940374384,35.7819679881188,35.7550516865487,34.2918279087593,34.4900895678252,36.7140289606
Switzerland,CHE,GDP (constant 2015 US$),NY.GDP.MKTP.KD,650010711944.314,659160657118.589,666570517717.021,678809578498.348,696074580680.37,706199008878.656,719698645165.924,729920856964.874,754208481229.163,762620333380.6,745421277740.833,791460198101.875,819432798585.826,826197715652.355,837684620415.719,848575173117.719
Switzerland,CHE,"Agriculture, forestry, and fishing, value added (annual % growth)",NV.AGR.TOTL.KD.ZG,-3.27234980360895,10.1375794545385,-3.51315514357077,-6.41228221093715,10.8798831388746,-10.3282209674685,2.09948545872452,-1.56002367606038,6.21752918923713,-2.70522142997113,-1.10528708522983,-6.19018004762843,11.1676314286022,0.504164198077945,-2.13414422362234,4.55902588620998
Switzerland,CHE,"Services, value added (% of GDP)",NV.SRV.TOTL.ZS,70.8465057925685,70.4644314756875,71.0981089876878,71.0055636714095,71.2920419896471,71.539212781303,71.5583745525407,71.3658115092543,71.435604367133,70.8563369929992,70.7975462039622,69.8639258757536,70.7903277980498,71.0460225220852,71.4501859833139,71.7465500326877
Switzerland,CHE,"Services, value added (annual % growth)",NV.SRV.TOTL.KD.ZG,2.31889130925435,-0.229685682918429,2.02391601787275,1.87384403916226,2.96118242608723,2.08610969114164,1.69132773768408,0.508168865442315,2.78233123946919,0.161198616177714,-1.69151301882417,2.97709742256917,2.91853460176337,2.08921424144116,2.30144437387258,1.95728878328217
Switzerland,CHE,Domestic credit to private sector (% of GDP),FS.AST.PRVT.GD.ZS,151.124117500095,153.882471661955,159.565695854112,161.204723861096,161.86455636843,163.923941772786,167.772890998961,..,..,..,..,..,..,..,..,..
Turkiye,TUR,"Adolescent fertility rate (births per 1,000 women ages 15-19)",SP.ADO.TFRT,33.341,31.764,30.124,28.299,27.56,25.639,24.226,22.332,19.835,17.535,15.334,13.63,12.203,12.055,11.182,..
Turkiye,TUR,"Annual freshwater withdrawals, total (% of internal resources)",ER.H2O.FWTL.ZS,20.6872246696035,21.4691629955947,22.2511013215859,22.5726872246696,22.8942731277533,23.6607929515419,26.2599118942731,25.898231277533,26.9134713656388,27.4607136563877,27.3578237885463,25.726872246696,28.4007224669604,..,..,..
Turkiye,TUR,Births attended by skilled health staff (% of total),SH.STA.BRTC.ZS,..,..,..,97.4,97.4,99,..,98,99.2,97,..,..,..,..,..,..
Turkiye,TUR,"Contraceptive prevalence, any method (% of married women ages 15-49)",SP.DYN.CONU.ZS,..,..,..,73.5,..,..,..,..,69.8,..,..,..,..,..,..,..
Turkiye,TUR,Domestic credit provided by financial sector (% of GDP),FS.AST.DOMS.GD.ZS,67.1186280791115,65.7313749395631,66.2834062932413,72.027048564255,74.6692758449177,77.0346174327126,79.9464032950647,79.8379726366825,81.2349367081419,81.2261076221032,96.7814938270376,91.5195990429804,71.2298760367454,63.821476686613,57.2923970526777,60.1713919608595
Turkiye,TUR,Electric power consumption (kWh per capita),EG.USE.ELEC.KH.PC,2463.85975801914,2666.73837788233,2749.71368123426,2747.58408745623,2848.97165764961,2930.20272102197,3073.67891217991,3262.78417392976,3347.76268694844,3294.2219031759,3318.84705919601,3587.45836676577,3554.2281621305,3581.25454543643,3730.82314747655,..
Turkiye,TUR,Energy use (kg of oil equivalent per capita),EG.USE.PCAP.KG.OE,1445.41016354332,1515.88033612695,1567.31606123672,1510.79118967025,1543.09095693879,1646.83631130339,1724.54363987712,1828.02986770908,1771.33742856964,1774.19625722275,1762.01062220058,1894.62719281739,1841.55630679263,1849.53592344542,1924.93815098993,..
Turkiye,TUR,Exports of goods and services (% of GDP),NE.EXP.GNFS.ZS,21.5899457839207,23.4903574412774,24.9658181147838,24.403259811358,25.8173246854016,25.280784580735,23.6322024334399,26.5394989930636,31.7278536539697,33.0298811646869,28.7400043468285,35.0536332850518,38.1412107474416,31.9135926809724,27.5682232095509,24.8497719904256
Turkiye,TUR,"External debt stocks, total (DOD, current US$)",DT.DOD.DECT.CD,316646701767.8,320983526166.8,353395551599.8,402178071207.6,413804313727.1,399458974329.3,398941852378.3,446932919001.7,425763850698.8,414340675661.9,429283302461.7,434872791578.9,455963245504.7,499814231476.7,514989218110.8,..
Turkiye,TUR,"Fertility rate, total (births per woman)",SP.DYN.TFRT.IN,2.08,2.05,2.11,2.11,2.19,2.16,2.11,2.08,2,1.89,1.77,1.71,1.63,1.51,1.48,..
Turkiye,TUR,"Foreign direct investment, net inflows (BoP, current US$)",BX.KLT.DINV.CD.WD,9099000000,16182000000,13744000000,13563000000,13337000000,19263000000,13835000000,11190000000,12450000000,9507000000,7522000000,12674000000,13784000000,10657000000,11698000000,..
Turkiye,TUR,Forest area (sq. km),AG.LND.FRST.K2,210830.8,211925.24,213019.68,214114.12,215208.56,216303,216303,217524.6,219083.6,220643.6,222203.6,223763.6,225323.6,226883.6,..,..
Turkiye,TUR,GDP (current US$),NY.GDP.MKTP.CD,782545664268.333,844192507380.795,885327622479.052,962167643588.925,942343431928.654,865460050683.656,870818016909.84,863874522365.276,788356985773.667,775853144222.613,733628247119.077,839938668172.134,926097476913.818,1141242864657.45,1359123768774.12,1597293229287
Turkiye,TUR,GDP growth (annual %),NY.GDP.MKTP.KD.ZG,8.54219848467686,10.9799625273598,4.80762696633448,8.48825689298511,4.60079447270559,5.80557386628684,3.32366508200445,7.82585730002594,3.46815306092219,1.30162365464503,1.80306247087255,11.811094450607,5.44122511322401,5.04512369812289,3.3276230893799,3.60462514082589
Turkiye,TUR,"GNI per capita, Atlas method (current US$)",NY.GNP.PCAP.CD,10460,11260,11950,12640,12670,12080,11350,11140,10760,9970,9330,10230,10870,11980,13430,16300
Turkiye,TUR,"GNI per capita, PPP (current international $)",NY.GNP.PCAP.PP.CD,17320,19550,20580,22270,23980,25610,26450,28000,28240,28570,28870,31660,39520,42750,44510,44630
Turkiye,TUR,"GNI, Atlas method (current US$)",NY.GNP.ATLS.CD,764746482998.888,835726223514.486,898009238861.375,962283035831,977542603701.422,944902938351.464,899915506338.435,894876170062.791,876328492816.53,823637755750.694,777651213992.833,860635279336.167,923471655012.361,1021833614365.73,1148723480405.27,1399760949063.39
Turkiye,TUR,"GNI, PPP (current international $)",NY.GNP.MKTP.PP.CD,1267016483879.41,1450916852312.62,1547490274215.19,1696107320325.07,1850967663946.9,2002959438140.47,2096820386655.84,2248865366334.77,2298779162445.41,2359586456446.9,2406906400635.52,2664487871892.8,3358619575806.9,3647747037660.68,3806381057583.58,3832674632585.32
Turkiye,TUR,Gross capital formation (% of GDP),NE.GDI.TOTL.ZS,28.4520777825517,31.958286232969,29.421538205313,31.3649431990856,30.2115390664919,30.062899150791,29.8288300175216,32.7946921972451,31.3408009091416,27.5058303832163,34.1540560799477,34.3761444701623,38.602139717568,34.5882765114043,30.7311559549208,31.6666169240923
Turkiye,TUR,High-technology exports (% of manufactured exports),TX.VAL.TECH.MF.ZS,2.19482435202622,2.11064560791653,2.15485262575385,3.13055257636753,3.37973172045524,3.43610443571744,3.03814599740941,3.23291293505096,2.67353129854845,3.02817669225913,3.15277011329118,3.28362739970141,3.66403554879462,4.51829098986852,5.13775956987065,..
Turkiye,TUR,"Immunization, measles (% of children ages 12-23 months)",SH.IMM.MEAS,97,98,96,98,94,97,98,96,96,97,95,96,95,95,95,..
Turkiye,TUR,Imports of goods and services (% of GDP),NE.IMP.GNFS.ZS,25.3533908870685,30.1612264563406,28.3619431820769,28.6650931929463,28.4894493558784,26.5941406789482,25.2379813745471,29.5961595228053,31.0972787311468,29.548577767937,31.6498487704686,34.5552643235919,41.7570614839925,33.7696157928943,27.0305829100406,25.0849063722672
Turkiye,TUR,Income share held by lowest 20%,SI.DST.FRST.20,5.9,5.8,5.8,5.8,5.8,5.6,5.7,5.4,5.4,5.2,5.3,5.2,5.4,5.5,..,..
Turkiye,TUR,"Industry (including construction), value added (% of GDP)",NV.IND.TOTL.ZS,24.5086143505767,26.8475365830986,26.6835564000517,27.7513691316392,28.1981753928692,27.9632974104138,28.3385128402288,29.0347245862534,29.1851848904908,27.0679926930773,27.7974533640579,30.8205598235418,30.890102398727,28.1932800305474,25.5035682450148,24.0232052689053
Turkiye,TUR,"Inflation, GDP deflator (annual %)",NY.GDP.DEFL.KD.ZG,6.90506472366725,8.33655636534398,7.29341387336231,6.18702429472933,7.63768275587947,7.88094110112607,8.1276071872056,11.1334116585617,16.7334812844326,14.1603081333496,14.7339074242292,29.3058995155618,95.5255302704182,68.2797569244827,59.2800755919836,36.4253414432254
Turkiye,TUR,"Life expectancy at birth, total (years)",SP.DYN.LE00.IN,74.964,74.823,75.552,76.171,76.452,76.539,76.595,77.037,77.454,77.737,76.525,75.722,77.591,77.156,77.421,..
Turkiye,TUR,Merchandise trade (% of GDP),TG.VAL.TOTL.GD.ZS,38.2631983885514,44.5098714706441,43.9393271059047,43.8908960214863,44.3200414890376,42.127998826981,40.356996889786,46.6746025679768,51.7939217091211,50.4190777485282,53.0452584845517,59.1281267096302,66.7187866723343,54.1159133718109,44.5719524533367,39.9883370372212
Turkiye,TUR,Military expenditure (% of GDP),MS.MIL.XPND.GD.ZS,2.27171515093383,2.0275060358965,2.00944811786941,1.92395966496054,1.87196639443904,1.81284855723729,2.05032437865497,2.05006599219326,2.52209022414858,2.68985897943633,2.19555218691023,1.85888321091456,1.65879843534611,1.71991880187465,1.92255231276371,..
Turkiye,TUR,Mobile cellular subscriptions (per 100 people),IT.CEL.SETS.P2,84.215890954924,88.0166628392838,90.0040810031246,91.1758435342703,92.1219361989572,92.0327105332494,91.9286950751339,93.6407569517097,94.9085818111026,94.6498130829997,95.3960853737199,99.5415432248525,103.720593629066,105.684032912794,107.826875714392,..
Turkiye,TUR,"Mortality rate, under-5 (per 1,000 live births)",SH.DYN.MORT,17.6,16.6,15.6,14.7,14,13.3,12.7,12.2,11.7,11.3,10.9,10.6,10.2,13.8,9.6,..
Turkiye,TUR,Net barter terms of trade index (2015 = 100),TT.PRI.MRCH.XD.WD,93.9,91.1,91,92.6,93.9,100,104,98.6,95,94.7,99.6,88.6,76,86.7,86.8,..
Turkiye,TUR,Net migration,SM.POP.NETM,55532,68849,258623,438618,1033384,1063140,352063,659846,187570,-15690,37934,20283,-301544,-318070,-275952,-258205
Turkiye,TUR,Net official development assistance and official aid received (current US$),DT.ODA.ALLD.CD,1037630004.88281,3288269531.25,3112166992.1875,2847839843.75,3446769287.10938,2141264648.4375,3609088623.04688,3159279785.15625,1195925048.82813,701477355.957031,543520324.707031,1060641113.28125,801440551.757813,1550410644.53125,..,..
Turkiye,TUR,"Personal remittances, received (current US$)",BX.TRF.PWKR.CD.DT,1819000000,1883000000,1881000000,1901000000,1739000000,1401000000,1201000000,1056000000,1147000000,856000000,816000000,726000000,696000000,1029000000,982000000,..
Turkiye,TUR,Population density (people per sq. km of land area),EN.POP.DNST,95.0354715902447,96.4406649948677,97.6778802801346,98.9405610488157,100.284401595572,101.631276067721,103.007889505347,104.352348531112,105.774468250978,107.297584553617,108.343853540013,109.334768655068,110.416580694619,110.866214934449,..,..
Turkiye,TUR,Population growth (annual %),SP.POP.GROW,1.51943093763293,1.46777416449143,1.27471801981307,1.28441474668,1.3490889002021,1.33411577030414,1.34542593504869,1.29675571220462,1.35360298648434,1.42969688109789,0.970386031353162,0.910444902564511,0.984586244469359,0.406389351118662,0.225580501096507,0.419954927193433
Turkiye,TUR,"Population, total",SP.POP.TOTL,73142150,74223629,75175827,76147624,77181884,78218479,79277962,80312698,81407204,82579440,83384680,84147318,84979913,85325965,85518661,85878556
Turkiye,TUR,Poverty headcount ratio at $3.00 a day (2021 PPP) (% of population),SI.POV.DDAY,2.8,2,1.7,1.5,1,1.3,0.9,1.1,1,1.3,1.1,0.9,0.5,0.2,..,..
Turkiye,TUR,Poverty headcount ratio at national poverty lines (% of population),SI.POV.NAHC,16.1,16.3,15,15,14.7,14.3,13.5,13.9,14.4,15,14.4,14.4,13.5,13.6,13,..
Turkiye,TUR,"Prevalence of HIV, total (% of population ages 15-49)",SH.DYN.AIDS.ZS,..,..,..,..,..,..,..,..,..,..,..,..,..,..,..,..
Turkiye,TUR,"Prevalence of underweight, weight for age (% of children under 5)",SH.STA.MALN.ZS,..,..,..,2.3,..,..,..,..,1.5,..,..,..,..,..,..,..
Turkiye,TUR,"Primary completion rate, total (% of relevant age group)",SE.PRM.CMPT.ZS,..,..,..,103.343299865723,99.0791091918945,98.8300704956055,134.545608520508,92.5956573486328,91.0360870361328,96.6259918212891,100.577331542969,103.435623168945,101.500511169434,90.6154174804688,..,..
Turkiye,TUR,"Revenue, excluding grants (% of GDP)",GC.REV.XGRT.GD.ZS,31.3740275795167,30.5733274427087,30.621624698759,30.8565141953979,30.3276548015133,30.4983562189661,30.9443928097308,29.501534894828,30.207791762814,29.2876680740266,29.5197315875713,29.4977695405094,27.2711691129616,33.0413461477558,31.4818867249691,..
Turkiye,TUR,"School enrollment, primary (% gross)",SE.PRM.ENRR,104.570068359375,105.751289367676,104.708396911621,114.724349975586,111.935722351074,107.29418182373,105.28328704834,97.4918975830078,100.931251525879,103.962959289551,103.296417236328,102.596397399902,102.487701416016,102.43807220459,..,..
Turkiye,TUR,"School enrollment, primary and secondary (gross), gender parity index (GPI)",SE.ENR.PRSC.FM.ZS,0.947820007801056,0.94989001750946,0.964730024337769,0.976890027523041,0.980539977550507,0.980279982089996,0.981840014457703,0.964049994945526,0.979900002479553,0.970019996166229,0.977119982242584,..,..,..,..,..
Turkiye,TUR,"School enrollment, secondary (% gross)",SE.SEC.ENRR,84.2024002075195,87.80322265625,85.0204315185547,102.209701538086,105.97550201416,107.243186950684,108.547561645508,112.977333068848,112.115409851074,111.910400390625,112.527458190918,114.147331237793,116.040176391602,118.411979675293,..,..
Turkiye,TUR,Surface area (sq. km),AG.SRF.TOTL.K2,785350,785350,785350,785350,785350,785350,785350,785350,785350,785350,785350,785350,785350,785350,..,..
Turkiye,TUR,Tax revenue (% of GDP),GC.TAX.TOTL.GD.ZS,18.814982327029,18.5508150286553,18.1051408438041,18.3984701714655,17.9488969703643,18.1419244166015,18.3280078863935,17.7025349976444,17.1432984711192,16.5299780625183,17.4856241853484,17.4752698156496,17.1801094099965,18.2219303847288,17.6239296509985,..
Turkiye,TUR,Terrestrial and marine protected areas (% of total territorial area),ER.PTD.TOTL.ZS,..,..,..,2.2,0.2,0.2,0.2,0.2,0.2,0.2,0.2,5.7,5.7,5.7,5.7,5.7
Turkiye,TUR,"Total debt service (% of exports of goods, services and primary income)",DT.TDS.DECT.EX.ZS,37.2333390546006,31.3834630221049,26.771512062507,27.1626121370026,23.8539286016856,25.3789734982834,36.4254391256231,37.362997807429,33.4794771797331,33.2432164759356,40.7367712535302,25.3396609190239,19.6812294560508,20.909547158823,23.4318472180701,..
Turkiye,TUR,Urban population growth (annual %),SP.URB.GROW,3.71648828413169,3.82733961841471,5.10991859183633,7.51485625556567,7.61873724681312,5.56638687943926,2.35546247467611,1.21721539362836,1.50516857000879,1.9909704896297,1.27276011133045,1.18656449306975,0.829617003400882,0.388112437971746,0.587160894947427,0.587420904251181
Turkiye,TUR,"Agriculture, forestry, and fishing, value added (% of GDP)",NV.AGR.TOTL.ZS,8.90737962747164,8.1265846445357,7.658344974583,6.64997261417217,6.53828042868413,6.87689834308907,6.26556196399699,6.19642323537778,6.00418639185492,6.6541535628227,6.89122590909685,5.70488171636816,6.69360961922604,6.38984597795627,5.82042467876951,5.20951196750004
Turkiye,TUR,"Inflation, consumer prices (annual %)",FP.CPI.TOTL.ZG,8.56644420552976,6.471879671151,8.89156996512163,7.49309030547693,8.85457271364316,7.67085364845885,7.7751341532833,11.1443110840764,16.3324638988929,15.1768215720022,12.2789574462574,19.5964926913324,72.3088359891207,53.8594087593315,58.5064507300342,34.8811629820306
Turkiye,TUR,"Unemployment, total (% of total labor force) (national estimate)",SL.UEM.TOTL.NE.ZS,11.881,9.784,9.21,9.717,9.912,10.302,10.905,10.916,10.958,13.731,13.155,11.979,10.432,9.354,8.711,8.4
Turkiye,TUR,"Unemployment, total (% of total labor force) (modeled ILO estimate)",SL.UEM.TOTL.ZS,11.879,9.789,9.21,9.713,9.901,10.304,10.899,10.919,10.956,13.73,13.148,11.969,10.465,9.388,8.8,8.52
Turkiye,TUR,Current account balance (% of GDP),BN.CAB.XOKA.GD.ZS,-5.70254261669491,-8.81351105932507,-4.72096418758118,-5.12686124176872,-3.40746259930754,-2.46735825450658,-2.54530792537505,-4.06783613710293,-1.85233343060557,1.9351600379275,-4.22284721473811,-0.74064931592423,-4.99763806227356,-3.63367003503212,-0.766008235540632,..
Turkiye,TUR,Real interest rate (%),FR.INR.RINR,..,..,..,..,..,..,..,..,..,..,..,..,..,..,..,..
Turkiye,TUR,"Foreign direct investment, net inflows (% of GDP)",BX.KLT.DINV.WD.GD.ZS,1.16274364749147,1.91686136260632,1.55241965245755,1.40962960980578,1.41530142282668,2.225752648523,1.58873607703875,1.29532700760314,1.57923380202967,1.22536076199392,1.02531493703228,1.50891969619413,1.48839623728753,0.933806495534912,0.860701598247461,..
Turkiye,TUR,"Central government debt, total (% of GDP)",GC.DOD.TOTL.GD.ZS,45.1797411840038,39.9693425323809,37.6997174684634,31.7836465280795,31.1206735016751,29.145145266046,30.075201418508,29.5734179673603,29.3999927208091,33.4600744570718,41.0396523893444,41.6375124693568,35.3300843740665,33.2548360254558,26.6192344930079,..
Turkiye,TUR,Gross savings (% of GDP),NY.GNS.ICTR.ZS,24.0439420609212,24.6322351342824,25.4451759921484,26.3399370821622,26.8300125662284,27.7921333695116,27.3477821809118,28.7891671366617,30.6657489976786,29.5729485423088,30.0930836117879,33.6140643281242,33.9528124324798,31.7494652121673,29.9143206230241,..
Turkiye,TUR,GDP (constant 2015 US$),NY.GDP.MKTP.KD,619702577582.152,687745688381.755,720809935556.199,781994134596.37,817972077517.761,865460050683.656,894225044186.927,964205820086.089,997645953748.995,1010631549472.6,1028853867659.94,1150372769727.98,1212967141770.11,1274162834489.99,1316562171166.78,1364019302183.26
Turkiye,TUR,"Agriculture, forestry, and fishing, value added (annual % growth)",NV.AGR.TOTL.KD.ZG,7.66511825119834,3.45210963854892,2.19791474900714,2.36479322145937,0.559497378390603,9.44646994324442,-1.39505601841813,5.75332094324345,3.09789511335994,3.79772342649794,5.34877161947674,-2.52502316417824,1.2094321034849,0.360979343076991,5.13935140317886,-8.80120851773299
Turkiye,TUR,"Services, value added (% of GDP)",NV.SRV.TOTL.ZS,54.658291110913,53.1764169502883,54.0902575185714,53.3643455931878,53.828575166833,53.3668283175625,53.6443880043807,53.5617425067038,54.6144926867008,56.5329774818317,54.5738221616136,53.1953606066903,52.1784720579494,54.3519824455967,57.5212773580131,59.4243639680082
Turkiye,TUR,"Services, value added (annual % growth)",NV.SRV.TOTL.KD.ZG,5.30566555420704,8.99433924266684,5.84219710085503,7.25995747081956,6.04139095744547,5.18534992106578,3.021270465726,8.26872254865938,5.6971286186015,3.25718883840678,0.380796623792662,14.0775199687059,10.1568534180565,5.3152310014579,3.13150519227466,..
Turkiye,TUR,Domestic credit to private sector (% of GDP),FS.AST.PRVT.GD.ZS,44.0459707563417,48.7422084050823,51.5586765950105,59.9792914244143,63.2376327204216,66.3898521051604,69.2826364676667,70.0844027288208,66.6976668187438,64.2557519386267,75.2676019236764,70.9983608541485,53.4262221477913,48.7952169007544,42.9671022144841,45.7827602523781
United Kingdom,GBR,"Adolescent fertility rate (births per 1,000 women ages 15-19)",SP.ADO.TFRT,23.648,21.728,20.042,17.494,15.803,14.712,13.952,12.978,12.068,11.064,9.701,8.578,8.379,8.359,7.817,..
United Kingdom,GBR,"Annual freshwater withdrawals, total (% of internal resources)",ER.H2O.FWTL.ZS,5.69931034482759,5.3,5.52896551724138,5.27655172413793,5.02413793103448,5.62758620689655,5.80620689655172,5.80620689655172,5.80620689655172,5.80620689655172,5.80620689655172,5.80620689655172,5.80620689655172,..,..,..
United Kingdom,GBR,Births attended by skilled health staff (% of total),SH.STA.BRTC.ZS,..,..,..,..,..,..,..,..,..,..,..,..,..,..,..,..
United Kingdom,GBR,"Contraceptive prevalence, any method (% of married women ages 15-49)",SP.DYN.CONU.ZS,..,..,76.1,..,..,..,..,..,..,..,..,..,..,..,..,..
United Kingdom,GBR,Domestic credit provided by financial sector (% of GDP),FS.AST.DOMS.GD.ZS,..,..,..,..,..,..,..,..,..,..,..,..,..,..,..,..
United Kingdom,GBR,Electric power consumption (kWh per capita),EG.USE.ELEC.KH.PC,5712.74121099732,5472.53418140493,5456.24774371772,5395.83398297421,5119.00524613504,5078.3412970332,5009.61802274182,4932.31156388333,4902.01698673948,4775.61985951852,4511.29757267006,4570.05285317567,4314.47749719085,4229.27064180019,4194.88748718985,..
United Kingdom,GBR,Energy use (kg of oil equivalent per capita),EG.USE.PCAP.KG.OE,3235.05383786127,2973.83120573757,3028.77223348044,2962.343786375,2768.00471923628,2774.83945986659,2697.02109894886,2659.07639289685,2632.23008890609,2516.08673070511,2317.54743041471,2377.4766480833,2253.30282671333,2126.55279563942,2069.37917526374,..
United Kingdom,GBR,Exports of goods and services (% of GDP),NE.EXP.GNFS.ZS,28.7463664387355,31.2649218986254,30.4995388300455,30.2076160154538,28.5320090066163,27.8790736176463,29.0615561502528,30.9738310965649,31.854534000688,31.9028602803155,29.9486520576829,29.2894071087705,34.0619283837069,31.9122697629938,31.0561435739375,30.5969582161816
United Kingdom,GBR,"External debt stocks, total (DOD, current US$)",DT.DOD.DECT.CD,..,..,..,..,..,..,..,..,..,..,..,..,..,..,..,..
United Kingdom,GBR,"Fertility rate, total (births per woman)",SP.DYN.TFRT.IN,1.92,1.91,1.92,1.83,1.81,1.8,1.79,1.74,1.68,1.632,1.571,1.583,1.56,1.56,1.551,..
United Kingdom,GBR,"Foreign direct investment, net inflows (BoP, current US$)",BX.KLT.DINV.CD.WD,66734551294.0913,27012050072.3452,46750789727.7263,54473175400.2415,58890445252.7139,45333483122.0899,324813224213.021,125358809934.12,-25055440306.9073,19790761929.1276,157185559299.989,102431564639.492,92776358059.3492,13789803776.1608,-12955141484.5037,76628404708.6536
United Kingdom,GBR,Forest area (sq. km),AG.LND.FRST.K2,30590,30782,30974,31166,31358,31550,31590,31640,31730,31820,31900,31986.667,32069,32154.222,..,..
United Kingdom,GBR,GDP (current US$),NY.GDP.MKTP.CD,2496740681057.14,2675590034128.66,2719715961539.83,2796908333283.39,3085362169410.29,2945579890258.46,2706807606538.73,2699118387873.1,2897028009916.05,2875710080015.3,2724001478304.59,3194559188925.93,3181244350465.41,3420796653789.08,3695539513534.15,4002587541846.01
United Kingdom,GBR,GDP growth (annual %),NY.GDP.MKTP.KD.ZG,2.26054460931586,0.851437739020326,1.52826034721852,1.71846961308464,3.16017351468152,2.14040560033371,2.20652020635357,3.02322219840339,1.55133095078786,1.25629899760824,-10.047896637362,8.5431118453255,5.14970388522993,0.271650048355255,1.08027716858781,1.38844207858726
United Kingdom,GBR,"GNI per capita, Atlas method (current US$)",NY.GNP.PCAP.CD,42010,41240,41940,42960,44780,44630,43310,42140,42540,43640,39350,45880,49690,48800,49320,54550
United Kingdom,GBR,"GNI per capita, PPP (current international $)",NY.GNP.PCAP.PP.CD,36660,37540,38160,39410,40810,41850,43340,45940,46990,50440,47690,51840,60300,59770,62220,64210
United Kingdom,GBR,"GNI, Atlas method (current US$)",NY.GNP.ATLS.CD,2636833322339.23,2608698153348.03,2672300569449.13,2755321499469.88,2893823127324.8,2905009217910.32,2841567896378.05,2779537897964.2,2820064322962.4,2907817582604.05,2625909005792.22,3072672206567.46,3360990291074.75,3344241393034.83,3417276535902.23,3790859162034.66
United Kingdom,GBR,"GNI, PPP (current international $)",NY.GNP.MKTP.PP.CD,2301319822391.28,2375023369383.56,2431103680836.45,2527877822014.59,2636995950999.65,2723621798250.24,2843470040066.63,3030698173096.45,3115110351105.26,3360937185010.42,3182737364678.95,3472372461259.24,4078359063450.09,4095927253904.52,4310824463640.17,4461603259091.79
United Kingdom,GBR,Gross capital formation (% of GDP),NE.GDI.TOTL.ZS,16.6181160375508,16.491680863741,16.5145890011547,17.1697393956196,18.4324178455585,18.4755209500336,18.5956388685899,19.1317371265417,18.8761161911788,19.0285140310906,18.2807146353402,18.8987416108827,18.3468561370256,18.4594014019513,19.1682079957281,19.6884002261946
United Kingdom,GBR,High-technology exports (% of manufactured exports),TX.VAL.TECH.MF.ZS,23.3036586296348,23.3057218186911,23.460196722755,23.5876424891453,22.2044750130662,22.3335907744673,23.5591126028431,22.6194649609659,22.3331118559009,23.0942001089205,23.0073604990707,23.8654057182193,27.1597708192348,28.8917146113567,29.233260009076,..
United Kingdom,GBR,"Immunization, measles (% of children ages 12-23 months)",SH.IMM.MEAS,89,90,92,93,93,93,92,92,92,91,91,91,90,90,89,..
United Kingdom,GBR,Imports of goods and services (% of GDP),NE.IMP.GNFS.ZS,30.3048137840466,32.0591396722646,31.469331617208,31.5119235000045,30.2890138267133,29.2459709877926,30.7779753635731,32.216093479851,33.0552381952321,33.1007061373899,29.2112372453782,29.2489791841395,35.1369980576912,33.0801144117865,31.7829084706465,31.8603712472379
United Kingdom,GBR,Income share held by lowest 20%,SI.DST.FRST.20,7.5,7.6,7.6,7.7,7.5,7.5,7.4,7.5,7.3,7.3,7.6,7.6,..,..,..,..
United Kingdom,GBR,"Industry (including construction), value added (% of GDP)",NV.IND.TOTL.ZS,18.5566755103695,18.3010218899425,18.2827169299324,18.592711752238,18.3478341562377,18.1397353548933,17.6677948178206,17.8215277161884,18.0023660420923,17.8736338534045,17.4957170827215,16.9553165949957,16.8198596717719,17.6714033030008,17.0865837277153,16.4889776210162
United Kingdom,GBR,"Inflation, GDP deflator (annual %)",NY.GDP.DEFL.KD.ZG,1.3283713684016,2.47595818739667,1.54776864204749,2.15708778775598,1.5960156271688,0.669172003330104,1.73539354292218,1.54252781517637,1.96276612181809,2.46133048824501,4.84234085720969,0.711756533859329,5.67864204313082,6.34491419212233,3.93792722917763,3.69325089441037
United Kingdom,GBR,"Life expectancy at birth, total (years)",SP.DYN.LE00.IN,80.4024390243902,80.9512195121951,80.9048780487805,81.0048780487805,81.3048780487805,80.9560975609756,81.1560975609756,81.2560975609756,81.2560975609756,81.3691219512195,80.331756097561,80.6473170731707,81.0112195121951,81.2380975609756,81.3868536585366,..
United Kingdom,GBR,Merchandise trade (% of GDP),TG.VAL.TOTL.GD.ZS,40.5509874406068,44.5254685809132,43.4464486994075,43.2232613995187,39.0526276605737,37.2033026034763,38.7019379386028,40.087126406212,40.0026853738836,40.2069043063565,38.0976298385091,36.5390631686012,43.0568308844181,38.4869412960194,36.3811561228372,37.5874352346115
United Kingdom,GBR,Military expenditure (% of GDP),MS.MIL.XPND.GD.ZS,2.56799960467203,2.49903987829525,2.41781748358099,2.29232047399432,2.18448549185402,2.04890800410498,1.98449096820719,1.95002885979327,1.94455569473457,1.98525373099586,2.16304030547387,2.07241748249759,2.05691855462534,2.23063973904322,2.2786177901127,..
United Kingdom,GBR,Mobile cellular subscriptions (per 100 people),IT.CEL.SETS.P2,121.780844361683,121.49766447536,122.465231814068,122.184696024755,120.958261038047,121.211739725133,119.786558760596,119.206737402819,118.184381927412,120.250108782533,117.304850715261,117.887430294308,119.833999505569,122.781542240418,121.643331373201,..
United Kingdom,GBR,"Mortality rate, under-5 (per 1,000 live births)",SH.DYN.MORT,5.2,5,4.8,4.6,4.5,4.5,4.4,4.4,4.4,4.4,4.4,4.4,4.5,4.6,4.7,..
United Kingdom,GBR,Net barter terms of trade index (2015 = 100),TT.PRI.MRCH.XD.WD,89.5,91.9,86.2,108.7,99.5,100,89.9,91.8,96.6,88.6,84.3,96.8,91.6,95.6,99.2,..
United Kingdom,GBR,Net migration,SM.POP.NETM,274811,228773,172088,237272,306091,347839,324649,272311,259744,232727,144221,462967,487029,445523,417114,389911
United Kingdom,GBR,Net official development assistance and official aid received (current US$),DT.ODA.ALLD.CD,..,..,..,..,..,..,..,..,..,..,..,..,..,..,..,..
United Kingdom,GBR,"Personal remittances, received (current US$)",BX.TRF.PWKR.CD.DT,4951404772.71064,5099003470.85979,4944716072.76901,4804502413.00233,4937268134.60798,5003393485.69908,4582283766.62526,4308885979.70367,4389713567.2519,4214814558.37467,3248094193.68002,3461501740.87933,3965082580.93157,4486451448.29277,4834332874.14733,5363775142.13541
United Kingdom,GBR,Population density (people per sq. km of land area),EN.POP.DNST,259.440189310958,261.475674781962,263.344769148101,265.109742487496,267.097920886207,269.032364733601,271.177613359236,272.657380233952,273.992477162816,275.401975778118,275.864919604844,276.848675236639,279.568470218658,283.247220270326,..,..
United Kingdom,GBR,Population growth (annual %),SP.POP.GROW,0.783888646646516,0.781506562236639,0.712282568284022,0.66797798607405,0.747147320248681,0.72163513014287,0.794231868922694,0.544198348436919,0.48846608680317,0.513111008030604,0.167956370836665,0.355973393742215,0.977617841553254,1.30728496203423,1.09574630336216,0.296898638478743
United Kingdom,GBR,"Population, total",SP.POP.TOTL,62766365,63258810,63711000,64138000,64619000,65087000,65606000,65964000,66287000,66628000,66740000,66978000,67636000,68526000,69281000,69487000
United Kingdom,GBR,Poverty headcount ratio at $3.00 a day (2021 PPP) (% of population),SI.POV.DDAY,0.3,0.3,0.4,0.2,0.4,0.3,0.4,0.4,0.4,0.4,0.5,0.4,..,..,..,..
United Kingdom,GBR,Poverty headcount ratio at national poverty lines (% of population),SI.POV.NAHC,..,..,..,..,..,..,17,18.6,..,..,..,..,..,..,..,..
United Kingdom,GBR,"Prevalence of HIV, total (% of population ages 15-49)",SH.DYN.AIDS.ZS,..,..,..,..,..,..,0.2,0.2,0.2,0.2,0.2,0.2,0.2,0.2,..,..
United Kingdom,GBR,"Prevalence of underweight, weight for age (% of children under 5)",SH.STA.MALN.ZS,0.6,0.1,0.6,0.6,0.6,0.6,0.6,0.5,0.6,0.6,..,..,..,..,..,..
United Kingdom,GBR,"Primary completion rate, total (% of relevant age group)",SE.PRM.CMPT.ZS,..,..,..,..,..,98.9245910644531,98.5808563232422,98.4775390625,98.5643081665039,100.283622741699,99.5863037109375,99.5984420776367,100.334701538086,101.071876525879,..,..
United Kingdom,GBR,"Revenue, excluding grants (% of GDP)",GC.REV.XGRT.GD.ZS,38.1021871609733,33.3655300024851,32.7247709832329,33.5802583685844,32.663223587863,32.9060547215376,33.3897658317351,33.7644274187473,33.6717998451804,33.2703051672887,33.4086844384201,34.5638089563137,35.8232572592484,35.307815958642,34.8309702695262,..
United Kingdom,GBR,"School enrollment, primary (% gross)",SE.PRM.ENRR,105.673240661621,105.026260375977,105.805061340332,105.356399536133,100.012603759766,100.21656036377,100.397789001465,100.803619384766,101.355537414551,101.944190979004,102.265762329102,102.243896484375,102.48095703125,102.171287536621,..,..
United Kingdom,GBR,"School enrollment, primary and secondary (gross), gender parity index (GPI)",SE.ENR.PRSC.FM.ZS,0.999549984931946,1.00344002246857,0.999750018119812,1.02418994903564,1.02165997028351,1.01640999317169,..,1.0153900384903,1.01304996013641,1.01142001152039,1.01242995262146,..,..,..,..,..
United Kingdom,GBR,"School enrollment, secondary (% gross)",SE.SEC.ENRR,103.461151123047,94.1645202636719,92.5272903442383,126.064338684082,128.822494506836,126.110870361328,..,125.62979888916,120.088279724121,117.156600952148,114.617248535156,113.719017028809,113.202857971191,112.120048522949,..,..
United Kingdom,GBR,Surface area (sq. km),AG.SRF.TOTL.K2,243610,243610,243610,243610,243610,243610,243610,243610,243610,243610,243610,243610,243610,243610,..,..
United Kingdom,GBR,Tax revenue (% of GDP),GC.TAX.TOTL.GD.ZS,25.167235102012,25.7274940192641,24.9984898716856,25.0275561855532,24.7140100668456,24.9162351349781,25.2889754608419,25.4175285210626,25.326551109134,24.9143682469426,24.5433751270756,25.9910653856023,26.5536048949437,26.8736892132882,26.8890215407942,..
United Kingdom,GBR,Terrestrial and marine protected areas (% of total territorial area),ER.PTD.TOTL.ZS,..,..,..,11.3,19.7,16.6,23.3,28.9,28.8,29,40.3,39.9,39.9,39.9,42.1,42.1
United Kingdom,GBR,"Total debt service (% of exports of goods, services and primary income)",DT.TDS.DECT.EX.ZS,..,..,..,..,..,..,..,..,..,..,..,..,..,..,..,..
United Kingdom,GBR,Urban population growth (annual %),SP.URB.GROW,0.939508385587818,0.955196984295187,0.902643792088861,0.872969286805648,0.965671129711245,0.952642187133167,1.03668056633311,0.797047278499208,0.750687780251871,0.783679364993643,0.445856544092279,0.462841528013771,1.08210185339498,1.40930342995028,1.19521660006573,0.393742423754665
United Kingdom,GBR,"Agriculture, forestry, and fishing, value added (% of GDP)",NV.AGR.TOTL.ZS,0.565712301782542,0.704214809469773,0.62478654917094,0.640890919985333,0.737947357586346,0.633552833586443,0.590496095532871,0.606135163563991,0.563097756036101,0.576929649470186,0.683760683760684,0.698210493866494,0.681106058275464,0.648180849687737,0.640268322678911,0.639963472014016
United Kingdom,GBR,"Inflation, consumer prices (annual %)",FP.CPI.TOTL.ZG,2.49265472467065,3.8561124468282,2.5732347965453,2.29166666666659,1.45112016293279,0.36804684232536,1.0084173681141,2.55775577557747,2.29283990345938,1.73810460086513,0.989486703772491,2.51837109614213,7.92204883147902,6.79396706793963,3.2715729463592,3.88306881626
United Kingdom,GBR,"Unemployment, total (% of total labor force) (national estimate)",SL.UEM.TOTL.NE.ZS,7.973,8.195,8.279,7.752,6.398,5.552,4.909,4.501,4.145,3.657,4.518,4.864,3.768,4.025,4.361,4.896
United Kingdom,GBR,"Unemployment, total (% of total labor force) (modeled ILO estimate)",SL.UEM.TOTL.ZS,7.973,8.195,8.279,7.752,6.398,5.552,4.909,4.501,4.145,3.657,4.472,4.864,3.768,4.025,4.361,4.746
United Kingdom,GBR,Current account balance (% of GDP),BN.CAB.XOKA.GD.ZS,-2.75934253189814,-1.6237867474026,-3.13257837481106,-4.63114682704939,-4.97786981840052,-4.91700489264857,-5.46283821927875,-3.47326460218152,-3.88728858372976,-2.66245642145608,-2.92883387550299,-0.752836357784013,-2.06737101121871,-3.57676183842871,-2.95960422411904,-2.42693271936225
United Kingdom,GBR,Real interest rate (%),FR.INR.RINR,-0.817511776035438,-1.92821635664364,-1.03179878401941,-1.62209771601829,-1.0787978449774,..,..,..,..,..,..,..,..,..,..,..
United Kingdom,GBR,"Foreign direct investment, net inflows (% of GDP)",BX.KLT.DINV.WD.GD.ZS,2.67286674184503,1.00957357920277,1.71895853790766,1.94762104828418,1.90870445734316,1.53903424150931,11.9998637298189,4.64443540147576,-0.864867036878713,0.688204352262878,5.77039185007421,3.20643815254935,2.91635435189931,0.403116734836793,-0.350561573947678,1.91447167382408
United Kingdom,GBR,"Central government debt, total (% of GDP)",GC.DOD.TOTL.GD.ZS,130.497283454602,143.125971214621,146.371335905972,141.033172505075,149.584281299965,147.063146778865,155.581504971929,160.141177233502,156.766820519267,158.972569875821,194.682828796265,183.804848939919,138.215904304967,136.142431919028,130.735888365813,..
United Kingdom,GBR,Gross savings (% of GDP),NY.GNS.ICTR.ZS,13.8581873866829,14.8642962389978,13.3983595552922,12.652992730579,13.6216050281886,13.6955558156759,13.3480290259192,15.7531873531931,15.1527876787517,16.5464399806794,15.5605971990805,18.1443057036608,16.4281012912124,14.889141661081,16.7550572595951,17.1796140057167
United Kingdom,GBR,GDP (constant 2015 US$),NY.GDP.MKTP.KD,2684060544650.54,2706913649065.85,2748282336997.97,2795510733841.06,2883853723651.98,2945579890258.46,3010574705731.3,3101591068534.48,3149707010747.53,3189276748351.15,2868821517197.41,3113908148054.35,3274265196937.19,3283159739927.95,3318626965006.66,3364704178220.16
United Kingdom,GBR,"Agriculture, forestry, and fishing, value added (annual % growth)",NV.AGR.TOTL.KD.ZG,-14.4466804389174,24.3112368953905,-11.9215754656258,-5.40578012884644,37.4159536581401,-8.90236081870859,-4.40163153993929,5.09281660926682,-13.8001127978568,16.2251407385194,-0.939567203823586,2.85128716960352,7.62794187081116,-5.64870582178109,0.196202692651454,2.44489295626332
United Kingdom,GBR,"Services, value added (% of GDP)",NV.SRV.TOTL.ZS,71.0022471298192,70.317944602966,70.5149769879678,70.0609589776152,70.1536905900912,70.4682430021328,70.9168452005357,70.8096710791704,70.7503687442985,70.9760621688525,72.1096426823299,72.1686675403806,72.4836484564399,72.4231913505155,72.5047069906939,73.098046259352
United Kingdom,GBR,"Services, value added (annual % growth)",NV.SRV.TOTL.KD.ZG,3.10509848191572,1.41795263996963,2.33478157123285,1.41749039098266,3.22487083239587,1.51023269719627,2.91730203113592,3.34972891208696,1.57747984494286,1.34643107404433,-10.8953418004959,9.7830365348065,5.98390553855172,0.830513639937507,1.58063421888063,1.61206818868979
United Kingdom,GBR,Domestic credit to private sector (% of GDP),FS.AST.PRVT.GD.ZS,183.762819228277,169.61587364494,160.010705514872,148.906248602627,134.605055432715,130.08273790259,131.480106047871,132.333248459152,132.783359788981,131.443065370417,145.572075379344,136.161594591011,126.126397693252,117.978361754605,112.372018963535,..
United States,USA,"Adolescent fertility rate (births per 1,000 women ages 15-19)",SP.ADO.TFRT,34.856,31.723,29.387,26.528,24.192,22.031,20.08,18.491,17.164,16.202,14.719,13.724,13.628,13.145,12.412,..
United States,USA,"Annual freshwater withdrawals, total (% of internal resources)",ER.H2O.FWTL.ZS,14.86160397445,15.0425124201561,15.2234208658623,15.4043293115685,15.5852377572747,15.7661462029808,15.7661462029808,15.7661462029808,15.7661462029808,15.7661462029808,15.7661462029808,15.7661462029808,15.7661462029808,..,..,..
United States,USA,Births attended by skilled health staff (% of total),SH.STA.BRTC.ZS,99.4,99.3,99.3,99.2,98.5,99.1,99.1,99.1,99.1,99,99.1,..,..,..,..,..
United States,USA,"Contraceptive prevalence, any method (% of married women ages 15-49)",SP.DYN.CONU.ZS,76.422420421344,..,..,..,..,72.7002750253318,..,75.9371810574748,..,73.9,..,..,..,..,..,..
United States,USA,Domestic credit provided by financial sector (% of GDP),FS.AST.DOMS.GD.ZS,218.025331916873,219.286220980245,221.135147608819,229.677161315331,231.851428966051,230.215166723699,235.357839511779,244.294700612606,231.896711944952,245.99857427579,279.419478432483,290.350255327881,245.978418433405,248.472015695109,254.67031715019,262.301861696472
United States,USA,Electric power consumption (kWh per capita),EG.USE.ELEC.KH.PC,13392.6910118339,13235.0087662575,12945.1570388321,12972.2199687868,12962.1425409629,12828.8160828838,12806.1977101885,12604.1625559233,13054.4045353944,12678.2540503665,12393.4239035277,12556.0762291218,12968.9788423527,12553.1331301304,12839.3419088787,..
United States,USA,Energy use (kg of oil equivalent per capita),EG.USE.PCAP.KG.OE,7162.55933024159,7009.64607964907,6820.46062064875,6888.38143742637,6915.64165280321,6789.64733291075,6663.4963294418,6590.83509745633,6738.27272433986,6700.93033990565,6141.5241450627,6445.82621225492,6512.09816744798,6364.46726343838,6361.4447017904,..
United States,USA,Exports of goods and services (% of GDP),NE.EXP.GNFS.ZS,12.3413554322086,13.5634637825829,13.6440512687054,13.5534918818154,13.5082142132235,12.4111486301271,11.8881592273253,12.177481026766,12.2871107596266,11.7891974097286,10.1230809550527,10.8266687797107,11.6540970440015,11.0506737190927,10.97469647515,..
United States,USA,"External debt stocks, total (DOD, current US$)",DT.DOD.DECT.CD,..,..,..,..,..,..,..,..,..,..,..,..,..,..,..,..
United States,USA,"Fertility rate, total (births per woman)",SP.DYN.TFRT.IN,1.931,1.8945,1.8805,1.8575,1.8625,1.8435,1.8205,1.7655,1.7295,1.706,1.6415,1.664,1.6565,1.6165,1.6265,..
United States,USA,"Foreign direct investment, net inflows (BoP, current US$)",BX.KLT.DINV.CD.WD,264039000000,263497000000,250345000000,288131000000,251856000000,511434000000,474388000000,380823000000,214715000000,315984000000,137066000000,477956000000,416890000000,361944000000,297058000000,400519000000
United States,USA,Forest area (sq. km),AG.LND.FRST.K2,3087200,3089950,3092700,3095450,3098200,3100950,3100950,3097950,3097950,3097950,3097950,3097950,3097950,3097950,..,..
United States,USA,GDP (current US$),NY.GDP.MKTP.CD,15048971000000,15599732000000,16253970000000,16880683000000,17608138000000,18295019000000,18804913000000,19612102000000,20656516000000,21539982000000,21375281000000,23725645000000,26054614000000,27811517000000,29298013000000,30769700000000
United States,USA,GDP growth (annual %),NY.GDP.MKTP.KD.ZG,2.69519258673525,1.56440685205419,2.28911339009767,2.11783009443471,2.52381981757846,2.94555045227337,1.81945147909089,2.45762230126449,2.96650506701943,2.58382533052225,-2.081375977796,6.15202247867526,2.52421385073222,2.93436322440155,2.79318715363841,2.16138195623856
United States,USA,"GNI per capita, Atlas method (current US$)",NY.GNP.PCAP.CD,49180,50620,52610,53750,55520,56320,56830,58860,63040,65840,64630,71510,77230,79950,82910,88810
United States,USA,"GNI per capita, PPP (current international $)",NY.GNP.PCAP.PP.CD,49080,50870,52940,54120,56330,57820,58530,60740,63570,65910,64740,71780,78470,81870,85270,89490
United States,USA,"GNI, Atlas method (current US$)",NY.GNP.ATLS.CD,15214983016172.5,15786542027156.8,16537791098023.4,17023065745707.8,17725038819147.5,18124085517021.3,18433936458045.6,19224810445257.7,20709154891819.6,21742145001890,21430750611925.5,23746968657176.9,25793866045307.1,26923906980612.2,28190684242823.8,30352333808083.6
United States,USA,"GNI, PPP (current international $)",NY.GNP.MKTP.PP.CD,15185160000000,15861958000000,16640301000000,17140708000000,17984237000000,18608138000000,18983369000000,19837150000000,20883383000000,21764838000000,21466292000000,23838657000000.1,26207041000000,27571321999999.9,28993442999999.9,30585823000000
United States,USA,Gross capital formation (% of GDP),NE.GDI.TOTL.ZS,18.6722135353972,19.0335385248926,19.9507258841994,20.3792642750296,20.9011935276745,21.4151895660781,20.8879562484549,21.1557690246563,21.5690729259474,21.6698091948266,21.4377205146449,21.4064022284747,22.0268164402666,21.5701430454153,21.5325967668865,..
United States,USA,High-technology exports (% of manufactured exports),TX.VAL.TECH.MF.ZS,22.6194775165319,20.624916162211,20.174250704896,20.188635370966,20.4843982208576,21.3904480368657,22.4192942002286,19.2659699620243,18.4842699258676,18.6853939276571,19.4939761609452,19.9014614131792,20.5789833007379,21.8459878355521,24.322982844202,..
United States,USA,"Immunization, measles (% of children ages 12-23 months)",SH.IMM.MEAS,92,92,91,92,92,92,92,91,92,90,91,92,92,92,92,..
United States,USA,Imports of goods and services (% of GDP),NE.IMP.GNFS.ZS,15.878527508625,17.2790147933311,17.0377883064876,16.3878144030073,16.3983551242045,15.2770653039497,14.5644385592212,14.9478571955214,15.1582483706352,14.4692832148142,13.0168627958622,14.4060572431224,15.2538011117724,13.878624456192,14.0413208226783,..
United States,USA,Income share held by lowest 20%,SI.DST.FRST.20,5.3,5.2,5.2,5.3,5.2,5.3,5.2,5.1,5.1,5.1,5.6,6,5.1,5,5.1,..
United States,USA,"Industry (including construction), value added (% of GDP)",NV.IND.TOTL.ZS,19.3102488269796,19.4074975198292,19.1626139460083,19.1988903588794,19.2684337605714,18.4967127664639,17.9368724917791,18.3087442284361,18.5195461519261,18.1454838448797,17.2505706989302,17.5751653495616,..,..,..,..
United States,USA,"Inflation, GDP deflator (annual %)",NY.GDP.DEFL.KD.ZG,1.21528667900255,2.06310947777173,1.86216492571909,1.7018803654167,1.74161804945395,0.928042796992059,0.950322474901654,1.79080328683713,2.29089027907557,1.65046566880433,1.34473574769002,4.56297282631857,7.11250293584871,3.70021403026367,2.48236925527792,2.80123581326433
United States,USA,"Life expectancy at birth, total (years)",SP.DYN.LE00.IN,78.5414634146342,78.6414634146341,78.7414634146342,78.7414634146342,78.8414634146341,78.690243902439,78.5390243902439,78.5390243902439,78.6390243902439,78.7878048780488,76.9804878048781,76.3292682926829,77.4341463414634,78.3853658536585,78.890243902439,..
United States,USA,Merchandise trade (% of GDP),TG.VAL.TOTL.GD.ZS,21.5807379786964,24.0294640959217,23.8847924537821,23.1545903681741,22.9046308019621,20.8683740640007,19.68190440445,20.1648400564101,20.7111547755682,19.5478622034132,17.9266274908854,19.7660126837437,20.8673519400441,18.6480154966016,18.4993364567078,18.4979834057531
United States,USA,Military expenditure (% of GDP),MS.MIL.XPND.GD.ZS,4.90402300595835,4.82244197600452,4.4617099699335,4.02370560438155,3.67891817387645,3.46449292564277,3.40260233575118,3.2977234873792,3.3040005391035,3.40921408383721,3.64518757294704,3.40451991574826,3.30947715843109,3.304441637598,3.41921653228044,..
United States,USA,Mobile cellular subscriptions (per 100 people),IT.CEL.SETS.P2,91.6593077558393,94.682964660635,96.1284261999864,97.0595305732914,99.839569071329,101.831958781319,102.751864866695,102.380562632686,103.935307364,105.32074052965,103.855170008567,106.324514306135,108.785640656159,112.410910606372,113.190481805755,..
United States,USA,"Mortality rate, under-5 (per 1,000 live births)",SH.DYN.MORT,7.3,7.2,7,6.9,6.8,6.8,6.7,6.6,6.5,6.5,6.5,6.5,6.5,6.5,6.5,..
United States,USA,Net barter terms of trade index (2015 = 100),TT.PRI.MRCH.XD.WD,97.1,94.6,94.7,95.3,95.9,100,100.1,99.6,99.8,100.3,100,104.7,109,106.5,105.4,..
United States,USA,Net migration,SM.POP.NETM,1594453,1624033,1632007,1663885,1672598,1722127,1889129,1864738,1764961,1774500,329769,674787,1319009,1322668,1286132,1230663
United States,USA,Net official development assistance and official aid received (current US$),DT.ODA.ALLD.CD,..,..,..,..,..,..,..,..,..,..,..,..,..,..,..,..
United States,USA,"Personal remittances, received (current US$)",BX.TRF.PWKR.CD.DT,5930000000,6104000000,6303000000,6613000000,6503000000,6578000000,6330000000,6347000000,6941000000,7049000000,6827000000,7093000000,7663000000,8400000000,8712000000,9044000000
United States,USA,Population density (people per sq. km of land area),EN.POP.DNST,33.8213646033526,34.0904277927547,34.3636893244215,34.6246572257533,34.9013776562134,35.1809713558577,35.4584505795077,35.7049975840182,35.9149986553586,36.1004771837305,36.2482649752608,36.3053370239915,36.5126236687503,36.8142112202129,..,..
United States,USA,Population growth (annual %),SP.POP.GROW,0.846129865832117,0.79239433316435,0.79838290137163,0.756560083436754,0.796023797809134,0.797904713382564,0.785625485688815,0.692906252591617,0.586433075122573,0.515108555014533,0.408543376643957,0.157323851413364,0.569329881519084,0.822589035790284,0.960096778979565,0.522468081877868
United States,USA,"Population, total",SP.POP.TOTL,309378227,311839461,314339099,316726282,319257560,321815121,324353340,326608609,328529577,330226227,331578104,332100166,333996304,336755052,340003797,341784857
United States,USA,Poverty headcount ratio at $3.00 a day (2021 PPP) (% of population),SI.POV.DDAY,1.1,1.1,1.1,1.1,1.3,1.2,1.2,1.3,1.1,1,0.4,0.3,1.4,1.2,1.1,..
United States,USA,Poverty headcount ratio at national poverty lines (% of population),SI.POV.NAHC,..,..,..,..,..,..,..,..,..,..,..,..,..,..,..,..
United States,USA,"Prevalence of HIV, total (% of population ages 15-49)",SH.DYN.AIDS.ZS,..,..,..,..,..,..,..,..,..,..,..,..,..,..,..,..
United States,USA,"Prevalence of underweight, weight for age (% of children under 5)",SH.STA.MALN.ZS,1,..,0.5,..,0.7,..,1.4,..,0.4,..,..,..,..,..,..,..
United States,USA,"Primary completion rate, total (% of relevant age group)",SE.PRM.CMPT.ZS,..,..,..,..,..,..,..,98.8321990966797,100.092697143555,100.489051818848,100.923667907715,101.091278076172,95.743522644043,..,..,..
United States,USA,"Revenue, excluding grants (% of GDP)",GC.REV.XGRT.GD.ZS,16.4034431324241,16.6294350441405,16.7477397829576,18.7407120908556,18.8588452680232,18.9953587913738,18.540821220497,19.2095273622379,17.4793585714067,17.2913779593688,17.6890680407897,18.7959378975788,19.8715966392747,17.4885947429621,17.7796750243779,..
United States,USA,"School enrollment, primary (% gross)",SE.PRM.ENRR,..,..,..,99.455436706543,99.6733779907227,100.299911499023,101.362861633301,101.821441650391,101.256561279297,100.981300354004,100.305793762207,98.3054885864258,96.9717330932617,..,..,..
United States,USA,"School enrollment, primary and secondary (gross), gender parity index (GPI)",SE.ENR.PRSC.FM.ZS,..,..,..,0.997099995613098,1.00423002243042,1.00507998466492,0.996259987354279,0.993629992008209,0.994700014591217,0.994910001754761,0.986829996109009,..,..,..,..,..
United States,USA,"School enrollment, secondary (% gross)",SE.SEC.ENRR,..,..,..,96.1864929199219,96.9245376586914,97.6525497436523,98.7699279785156,98.9523391723633,99.2755813598633,100.063430786133,100.509819030762,101.192489624023,97.4734878540039,..,..,..
United States,USA,Surface area (sq. km),AG.SRF.TOTL.K2,9831510,9831510,9831510,9831510,9831510,9831510,9831510,9831510,9831510,9831510,9831510,9831510,9831510,9831510,..,..
United States,USA,Tax revenue (% of GDP),GC.TAX.TOTL.GD.ZS,8.56322203026373,9.53892861749163,9.76391736911044,10.4602254541478,10.8997481732594,11.1828279598944,10.8545149876524,11.5038867327939,9.92953894064227,9.88478959731721,10.1439864112196,11.3902635734455,12.6110285111113,10.6177678118026,10.7694743667429,..
United States,USA,Terrestrial and marine protected areas (% of total territorial area),ER.PTD.TOTL.ZS,..,..,..,13.5,12,20.1,26.3,26.6,26.3,26.3,23.9,15.9,15.9,15.9,15.8,15.8
United States,USA,"Total debt service (% of exports of goods, services and primary income)",DT.TDS.DECT.EX.ZS,..,..,..,..,..,..,..,..,..,..,..,..,..,..,..,..
United States,USA,Urban population growth (annual %),SP.URB.GROW,0.864392511989343,0.787414238049866,0.783503603106941,0.728223178197271,0.750556344326545,0.731619330427075,0.694814117563349,0.573829589091971,0.435313708393269,0.328117138669072,0.242391640187326,0.169854211646995,0.600598926406396,0.871386213476252,1.02653883059284,0.606543345545608
United States,USA,"Agriculture, forestry, and fishing, value added (% of GDP)",NV.AGR.TOTL.ZS,1.02943688973818,1.20055880447177,1.14932980065793,1.31815003575389,1.16824049198161,1.02890409132672,0.937140437714336,0.940362226343714,0.898498260790929,0.83262086291437,0.934873150907349,0.942961672907101,..,..,..,..
United States,USA,"Inflation, consumer prices (annual %)",FP.CPI.TOTL.ZG,1.6400434423899,3.156841568622,2.06933726526067,1.46483265562717,1.62222297740817,0.118627135552451,1.26158320570536,2.13011000365961,2.44258329692817,1.81221007526021,1.23358439630629,4.69785886363742,8.00279982052121,4.11633838374488,2.94952520485207,..
United States,USA,"Unemployment, total (% of total labor force) (national estimate)",SL.UEM.TOTL.NE.ZS,9.633,8.949,8.069,7.375,6.168,5.28,4.869,4.355,3.896,3.669,8.055,5.349,3.65,3.638,4.022,4.282
United States,USA,"Unemployment, total (% of total labor force) (modeled ILO estimate)",SL.UEM.TOTL.ZS,9.633,8.949,8.069,7.375,6.168,5.28,4.869,4.355,3.896,3.669,8.055,5.349,3.65,3.638,4.022,4.198
United States,USA,Current account balance (% of GDP),BN.CAB.XOKA.GD.ZS,-2.87064145448882,-2.91862065322661,-2.57236847367136,-2.01090797096302,-2.10117617206317,-2.2325584903738,-2.10699725119707,-1.87442427129943,-2.12518413076048,-2.05182158462342,-2.77659039897534,-3.61901225446136,-3.81177015326345,-3.33680827263036,-4.04564637199117,-3.62698693844919
United States,USA,Real interest rate (%),FR.INR.RINR,2.01028262405699,1.16289864996398,1.3624637521625,1.52221338388325,1.48256139371882,2.31051463833344,2.53723230294962,2.26529637783859,2.55474987113849,3.57306216680747,2.17024683398691,-1.25567664234207,..,..,..,..
United States,USA,"Foreign direct investment, net inflows (% of GDP)",BX.KLT.DINV.WD.GD.ZS,1.75453192115262,1.68911235141732,1.54020833064168,1.70686814034716,1.43033863092168,2.79548220201356,2.52268117379751,1.94177554246862,1.03945408799819,1.46696501417689,0.641236014628299,2.01451214498067,1.60006208497274,1.30141768246586,1.01391858895004,1.30166689957978
United States,USA,"Central government debt, total (% of GDP)",GC.DOD.TOTL.GD.ZS,85.1547923110491,89.7346954422037,93.8330143343442,95.5058927414252,95.6360178458392,96.1410808045622,98.1169229551873,97.2074691432871,98.62934291533,100.234364169849,124.509268439559,118.284809538371,112.71753248772,114.73462594651,115.768352618316,..
United States,USA,Gross savings (% of GDP),NY.GNS.ICTR.ZS,15.3832511206248,16.3373255386695,18.3792944123805,18.5633187946246,19.656661027986,19.6984272057875,18.5586926139993,18.9790569108808,19.2309245179584,19.4296726896058,18.3841091960382,17.7191305020369,18.2901078480764,17.1362533011054,16.6047608757631,..
United States,USA,GDP (constant 2015 US$),NY.GDP.MKTP.KD,16339094225608.8,16594704135237.8,16974575729644.7,17334068402849.7,17771549056393.4,18295019000000,18627887993795.5,19085691123385.5,19651869117636.5,20159639089819,19740041204593.2,20954452976799.5,21483388181185,22113788823329.1,22731468331925.1,23222782186839.4
United States,USA,"Agriculture, forestry, and fishing, value added (annual % growth)",NV.AGR.TOTL.KD.ZG,..,..,..,..,..,..,..,..,..,..,..,..,..,..,..,..
United States,USA,"Services, value added (% of GDP)",NV.SRV.TOTL.ZS,76.2771861278755,75.9014773523032,76.1638107920711,75.6476660748857,75.580105062784,76.3690739266245,76.987521420599,76.5036033516448,76.2769100268409,76.6113712908395,76.9867058496213,76.2563816410471,..,..,..,..
United States,USA,"Services, value added (annual % growth)",NV.SRV.TOTL.KD.ZG,..,..,..,..,..,..,..,..,..,..,..,..,..,..,..,..
United States,USA,Domestic credit to private sector (% of GDP),FS.AST.PRVT.GD.ZS,181.920666527452,174.474559125537,175.443843579456,184.162921715823,184.794021331949,183.632163440252,186.327051044306,194.090996653847,183.054001756212,194.735258917444,217.264343389463,219.125940110191,187.087355429321,191.075390105862,195.875075677875,201.266130729677
,,,,,,,,,,,,,,,,,,,
,,,,,,,,,,,,,,,,,,,
,,,,,,,,,,,,,,,,,,,
Data from database: World Development Indicators,,,,,,,,,,,,,,,,,,,
Last Updated: 07/13/2026,,,,,,,,,,,,,,,,,,,
